,Restaurant_ID,Restaurant_Name,Type,Owner,City,Monthly_Revenue,Employees,Average_Rating,Open_Years,Delivery_Available
0,RST0001,Restaurant_1,Fast Food,Riya,Ahmedabad,170397,46,4.0,19,Yes
1,RST0002,Restaurant_2,Cafe,Karan,Vadodara,170577,10,3.1,5,No
2,RST0003,Restaurant_3,Fine Dining,Amit,Surat,59751,8,1.9,8,No
3,RST0004,Restaurant_4,Fine Dining,Raj,Vadodara,460316,26,4.3,12,Yes
4,RST0005,Restaurant_5,Fine Dining,Riya,Ahmedabad,184415,40,3.6,10,No
5,RST0006,Restaurant_6,Fine Dining,Raj,Mumbai,413626,49,2.1,7,No
6,RST0007,Restaurant_7,Cafe,Raj,Mumbai,294611,47,3.0,9,Yes
7,RST0008,Restaurant_8,Cafe,Neha,Ahmedabad,190732,35,4.6,11,Yes
8,RST0009,Restaurant_9,Fast Food,Riya,Rajkot,305753,79,1.0,8,No
9,RST0010,Restaurant_10,Cafe,Raj,Rajkot,324443,96,3.2,3,No
10,RST0011,Restaurant_11,Fine Dining,Neha,Mumbai,290713,10,4.4,3,Yes
11,RST0012,Restaurant_12,Fast Food,Neha,Surat,119922,14,1.7,19,Yes
12,RST0013,Restaurant_13,Fine Dining,Raj,Surat,453664,89,2.2,19,Yes
13,RST0014,Restaurant_14,Fast Food,Amit,Vadodara,438811,87,2.1,10,Yes
14,RST0015,Restaurant_15,Fast Food,Raj,Rajkot,471077,13,1.2,8,No
15,RST0016,Restaurant_16,Fast Food,Karan,Surat,463169,37,2.8,6,Yes
16,RST0017,Restaurant_17,Fast Food,Amit,Vadodara,89272,31,3.8,19,Yes
17,RST0018,Restaurant_18,Cafe,Raj,Ahmedabad,224534,84,4.2,19,No
18,RST0019,Restaurant_19,Fast Food,Raj,Surat,133884,42,2.0,17,No
19,RST0020,Restaurant_20,Fast Food,Amit,Surat,419173,76,2.3,10,Yes
20,RST0021,Restaurant_21,Fine Dining,Neha,Surat,241020,66,1.2,20,No
21,RST0022,Restaurant_22,Fast Food,Riya,Rajkot,276453,89,2.9,4,No
22,RST0023,Restaurant_23,Fine Dining,Neha,Mumbai,359791,9,2.8,9,No
23,RST0024,Restaurant_24,Cafe,Neha,Ahmedabad,403983,40,1.5,7,Yes
24,RST0025,Restaurant_25,Fast Food,Raj,Rajkot,418238,73,4.9,8,No
25,RST0026,Restaurant_26,Restaurant,Karan,Vadodara,221456,85,4.3,15,No
26,RST0027,Restaurant_27,Fast Food,Amit,Mumbai,168882,93,1.6,16,Yes
27,RST0028,Restaurant_28,Restaurant,Raj,Vadodara,142308,65,3.8,12,Yes
28,RST0029,Restaurant_29,Restaurant,Karan,Ahmedabad,326510,52,4.8,8,Yes
29,RST0030,Restaurant_30,Fine Dining,Riya,Rajkot,412008,59,3.1,20,No
30,RST0031,Restaurant_31,Cafe,Raj,Surat,324183,32,3.7,4,Yes
31,RST0032,Restaurant_32,Restaurant,Riya,Mumbai,100485,19,1.2,9,No
32,RST0033,Restaurant_33,Fine Dining,Amit,Surat,77626,63,4.8,15,Yes
33,RST0034,Restaurant_34,Cafe,Karan,Vadodara,163165,57,3.6,6,No
34,RST0035,Restaurant_35,Fast Food,Raj,Ahmedabad,174138,84,1.3,14,Yes
35,RST0036,Restaurant_36,Fine Dining,Amit,Mumbai,369164,95,4.0,2,No
36,RST0037,Restaurant_37,Cafe,Neha,Vadodara,123379,47,2.9,19,Yes
37,RST0038,Restaurant_38,Fast Food,Raj,Ahmedabad,69635,55,1.4,20,No
38,RST0039,Restaurant_39,Fine Dining,Raj,Vadodara,419442,20,2.2,18,Yes
39,RST0040,Restaurant_40,Restaurant,Raj,Rajkot,188171,53,3.6,10,Yes
40,RST0041,Restaurant_41,Restaurant,Raj,Rajkot,242262,35,4.5,4,No
41,RST0042,Restaurant_42,Cafe,Riya,Rajkot,473204,30,3.7,2,Yes
42,RST0043,Restaurant_43,Cafe,Karan,Ahmedabad,337742,74,4.9,13,No
43,RST0044,Restaurant_44,Fine Dining,Neha,Vadodara,286750,94,1.7,18,No
44,RST0045,Restaurant_45,Restaurant,Neha,Surat,346773,24,4.7,7,Yes
45,RST0046,Restaurant_46,Fast Food,Neha,Vadodara,60603,79,4.2,12,Yes
46,RST0047,Restaurant_47,Fine Dining,Neha,Rajkot,107980,22,3.8,13,No
47,RST0048,Restaurant_48,Fast Food,Raj,Vadodara,146916,58,3.9,14,No
48,RST0049,Restaurant_49,Cafe,Amit,Surat,475980,26,2.2,17,No
49,RST0050,Restaurant_50,Fast Food,Neha,Rajkot,445018,32,4.0,17,Yes
50,RST0051,Restaurant_51,Fast Food,Raj,Rajkot,435032,69,2.5,12,Yes
51,RST0052,Restaurant_52,Fast Food,Amit,Rajkot,392902,76,5.0,18,Yes
52,RST0053,Restaurant_53,Fast Food,Amit,Surat,273451,76,4.0,5,No
53,RST0054,Restaurant_54,Restaurant,Neha,Mumbai,189527,63,4.7,13,No
54,RST0055,Restaurant_55,Cafe,Raj,Surat,352745,14,1.9,3,Yes
55,RST0056,Restaurant_56,Restaurant,Riya,Rajkot,191007,68,3.9,10,Yes
56,RST0057,Restaurant_57,Fine Dining,Raj,Rajkot,150152,83,1.3,18,No
57,RST0058,Restaurant_58,Restaurant,Karan,Ahmedabad,345035,18,3.1,11,No
58,RST0059,Restaurant_59,Restaurant,Amit,Rajkot,202637,65,2.6,11,Yes
59,RST0060,Restaurant_60,Fast Food,Neha,Ahmedabad,222181,14,3.2,16,No
60,RST0061,Restaurant_61,Fast Food,Neha,Surat,97727,32,3.9,12,Yes
61,RST0062,Restaurant_62,Fast Food,Neha,Mumbai,50316,27,2.6,4,No
62,RST0063,Restaurant_63,Fine Dining,Neha,Mumbai,297068,56,2.8,10,No
63,RST0064,Restaurant_64,Fast Food,Raj,Surat,413726,88,1.0,17,Yes
64,RST0065,Restaurant_65,Fine Dining,Neha,Mumbai,400391,74,4.4,19,Yes
65,RST0066,Restaurant_66,Fine Dining,Riya,Surat,498530,22,3.1,10,Yes
66,RST0067,Restaurant_67,Cafe,Amit,Rajkot,226966,30,1.9,10,No
67,RST0068,Restaurant_68,Fast Food,Riya,Mumbai,146758,67,3.2,9,No
68,RST0069,Restaurant_69,Restaurant,Raj,Mumbai,409130,38,2.8,10,Yes
69,RST0070,Restaurant_70,Fine Dining,Riya,Vadodara,194063,85,4.7,14,No
70,RST0071,Restaurant_71,Fine Dining,Raj,Mumbai,153824,17,3.6,9,Yes
71,RST0072,Restaurant_72,Cafe,Karan,Rajkot,409567,97,2.5,12,No
72,RST0073,Restaurant_73,Cafe,Amit,Rajkot,102483,100,2.4,10,Yes
73,RST0074,Restaurant_74,Cafe,Neha,Ahmedabad,74054,6,3.3,20,No
74,RST0075,Restaurant_75,Restaurant,Neha,Ahmedabad,262506,9,4.5,18,Yes
75,RST0076,Restaurant_76,Fine Dining,Neha,Surat,67240,67,1.3,18,No
76,RST0077,Restaurant_77,Cafe,Neha,Surat,136784,27,2.8,6,No
77,RST0078,Restaurant_78,Cafe,Neha,Mumbai,299080,32,2.2,2,Yes
78,RST0079,Restaurant_79,Fast Food,Raj,Ahmedabad,336426,37,1.0,11,Yes
79,RST0080,Restaurant_80,Restaurant,Karan,Surat,215270,63,2.4,12,Yes
80,RST0081,Restaurant_81,Cafe,Neha,Surat,180236,7,3.4,14,Yes
81,RST0082,Restaurant_82,Cafe,Neha,Rajkot,261931,28,1.5,6,Yes
82,RST0083,Restaurant_83,Cafe,Karan,Vadodara,181383,74,2.1,15,No
83,RST0084,Restaurant_84,Restaurant,Raj,Mumbai,54015,41,1.5,20,Yes
84,RST0085,Restaurant_85,Fine Dining,Karan,Mumbai,113881,8,4.4,9,Yes
85,RST0086,Restaurant_86,Fine Dining,Raj,Surat,480701,56,2.3,6,Yes
86,RST0087,Restaurant_87,Restaurant,Riya,Surat,276159,31,3.0,2,Yes
87,RST0088,Restaurant_88,Restaurant,Karan,Vadodara,369673,20,2.3,6,Yes
88,RST0089,Restaurant_89,Restaurant,Amit,Rajkot,421180,81,1.5,10,Yes
89,RST0090,Restaurant_90,Restaurant,Neha,Vadodara,339579,5,3.7,7,No
90,RST0091,Restaurant_91,Cafe,Riya,Mumbai,336016,82,3.6,20,No
91,RST0092,Restaurant_92,Restaurant,Karan,Ahmedabad,496988,9,3.0,1,Yes
92,RST0093,Restaurant_93,Cafe,Riya,Ahmedabad,199581,78,4.7,15,No
93,RST0094,Restaurant_94,Restaurant,Amit,Vadodara,157181,13,1.8,20,Yes
94,RST0095,Restaurant_95,Cafe,Amit,Ahmedabad,115891,97,1.3,2,Yes
95,RST0096,Restaurant_96,Cafe,Riya,Ahmedabad,428534,19,2.9,11,No
96,RST0097,Restaurant_97,Restaurant,Amit,Rajkot,334919,13,1.8,20,Yes
97,RST0098,Restaurant_98,Fast Food,Amit,Mumbai,82623,91,3.3,1,No
98,RST0099,Restaurant_99,Fast Food,Amit,Mumbai,192599,56,1.2,3,No
99,RST0100,Restaurant_100,Cafe,Neha,Mumbai,224051,60,4.0,5,Yes
100,RST0101,Restaurant_101,Fine Dining,Riya,Rajkot,367004,36,3.5,15,No
101,RST0102,Restaurant_102,Restaurant,Riya,Vadodara,171696,8,3.2,16,Yes
102,RST0103,Restaurant_103,Restaurant,Neha,Mumbai,257679,64,4.7,2,Yes
103,RST0104,Restaurant_104,Restaurant,Neha,Vadodara,119823,82,2.0,5,Yes
104,RST0105,Restaurant_105,Fast Food,Raj,Surat,100278,78,4.6,3,Yes
105,RST0106,Restaurant_106,Fine Dining,Karan,Surat,157966,16,1.6,18,No
106,RST0107,Restaurant_107,Fine Dining,Riya,Rajkot,311270,83,3.9,16,No
107,RST0108,Restaurant_108,Cafe,Raj,Mumbai,97458,88,3.6,18,No
108,RST0109,Restaurant_109,Fast Food,Riya,Surat,402643,46,1.2,2,Yes
109,RST0110,Restaurant_110,Restaurant,Neha,Surat,281126,71,1.5,18,Yes
110,RST0111,Restaurant_111,Fast Food,Riya,Surat,426968,37,2.3,5,Yes
111,RST0112,Restaurant_112,Fine Dining,Amit,Ahmedabad,94066,86,3.6,12,No
112,RST0113,Restaurant_113,Cafe,Neha,Ahmedabad,270717,63,1.3,8,No
113,RST0114,Restaurant_114,Fast Food,Raj,Rajkot,290156,71,4.6,10,No
114,RST0115,Restaurant_115,Restaurant,Karan,Ahmedabad,61163,11,2.7,13,No
115,RST0116,Restaurant_116,Fast Food,Raj,Rajkot,444998,63,1.3,3,Yes
116,RST0117,Restaurant_117,Restaurant,Amit,Rajkot,339660,26,2.5,2,Yes
117,RST0118,Restaurant_118,Cafe,Amit,Rajkot,53387,33,4.9,9,Yes
118,RST0119,Restaurant_119,Fine Dining,Amit,Mumbai,152588,41,3.6,20,No
119,RST0120,Restaurant_120,Cafe,Raj,Rajkot,378222,77,4.5,2,Yes
120,RST0121,Restaurant_121,Fine Dining,Amit,Vadodara,285401,72,2.8,14,No
121,RST0122,Restaurant_122,Restaurant,Neha,Rajkot,473698,94,3.7,12,No
122,RST0123,Restaurant_123,Restaurant,Riya,Mumbai,203031,25,2.8,5,Yes
123,RST0124,Restaurant_124,Fine Dining,Neha,Mumbai,87203,32,3.3,11,No
124,RST0125,Restaurant_125,Restaurant,Neha,Mumbai,291651,46,3.5,14,No
125,RST0126,Restaurant_126,Fast Food,Karan,Ahmedabad,212001,48,1.1,7,Yes
126,RST0127,Restaurant_127,Fast Food,Karan,Mumbai,438167,69,4.9,14,No
127,RST0128,Restaurant_128,Restaurant,Karan,Rajkot,338703,64,1.3,18,No
128,RST0129,Restaurant_129,Restaurant,Raj,Surat,423821,81,2.9,5,No
129,RST0130,Restaurant_130,Fast Food,Neha,Rajkot,468680,42,2.0,13,Yes
130,RST0131,Restaurant_131,Cafe,Karan,Rajkot,150700,59,4.3,6,Yes
131,RST0132,Restaurant_132,Restaurant,Riya,Ahmedabad,181654,21,1.8,4,No
132,RST0133,Restaurant_133,Cafe,Amit,Mumbai,429813,48,3.7,14,No
133,RST0134,Restaurant_134,Cafe,Karan,Ahmedabad,327124,77,1.8,17,No
134,RST0135,Restaurant_135,Cafe,Raj,Mumbai,165234,92,3.4,16,Yes
135,RST0136,Restaurant_136,Cafe,Amit,Mumbai,492201,34,1.1,19,Yes
136,RST0137,Restaurant_137,Fast Food,Raj,Rajkot,321649,15,3.4,6,No
137,RST0138,Restaurant_138,Restaurant,Karan,Ahmedabad,270594,50,3.6,7,No
138,RST0139,Restaurant_139,Cafe,Raj,Vadodara,261568,11,2.6,16,Yes
139,RST0140,Restaurant_140,Restaurant,Raj,Mumbai,396791,49,1.3,4,Yes
140,RST0141,Restaurant_141,Fast Food,Raj,Ahmedabad,253280,88,1.9,15,No
141,RST0142,Restaurant_142,Cafe,Neha,Rajkot,87555,72,2.6,9,Yes
142,RST0143,Restaurant_143,Restaurant,Amit,Mumbai,495951,24,1.2,11,No
143,RST0144,Restaurant_144,Fine Dining,Amit,Ahmedabad,315425,71,4.8,4,Yes
144,RST0145,Restaurant_145,Restaurant,Raj,Surat,342049,62,1.4,18,Yes
145,RST0146,Restaurant_146,Fine Dining,Karan,Vadodara,79561,42,1.4,2,No
146,RST0147,Restaurant_147,Fine Dining,Raj,Rajkot,179431,76,1.9,20,No
147,RST0148,Restaurant_148,Fast Food,Riya,Surat,334825,74,4.9,1,Yes
148,RST0149,Restaurant_149,Restaurant,Raj,Vadodara,224486,78,2.9,4,Yes
149,RST0150,Restaurant_150,Cafe,Raj,Surat,155024,71,4.5,14,Yes
150,RST0151,Restaurant_151,Fast Food,Raj,Mumbai,283376,92,5.0,10,Yes
151,RST0152,Restaurant_152,Cafe,Amit,Rajkot,265574,75,1.3,15,Yes
152,RST0153,Restaurant_153,Restaurant,Raj,Ahmedabad,62842,59,1.2,4,No
153,RST0154,Restaurant_154,Fine Dining,Amit,Ahmedabad,212092,79,3.5,1,No
154,RST0155,Restaurant_155,Fine Dining,Riya,Mumbai,349356,63,4.2,15,No
155,RST0156,Restaurant_156,Fast Food,Riya,Rajkot,245360,77,4.7,1,No
156,RST0157,Restaurant_157,Fine Dining,Raj,Mumbai,177989,16,2.4,16,Yes
157,RST0158,Restaurant_158,Cafe,Raj,Ahmedabad,156105,100,4.9,2,Yes
158,RST0159,Restaurant_159,Cafe,Riya,Mumbai,410010,25,2.0,4,No
159,RST0160,Restaurant_160,Fine Dining,Karan,Rajkot,478128,84,1.2,11,No
160,RST0161,Restaurant_161,Fine Dining,Raj,Vadodara,96632,92,4.5,7,No
161,RST0162,Restaurant_162,Cafe,Riya,Ahmedabad,305491,100,3.6,9,No
162,RST0163,Restaurant_163,Restaurant,Karan,Vadodara,360751,34,2.6,14,No
163,RST0164,Restaurant_164,Fine Dining,Amit,Rajkot,364699,28,1.3,4,No
164,RST0165,Restaurant_165,Restaurant,Amit,Ahmedabad,84155,41,1.8,10,No
165,RST0166,Restaurant_166,Cafe,Raj,Surat,175297,76,4.2,14,No
166,RST0167,Restaurant_167,Fast Food,Amit,Mumbai,387419,32,2.3,1,No
167,RST0168,Restaurant_168,Fine Dining,Neha,Rajkot,418190,36,1.6,16,Yes
168,RST0169,Restaurant_169,Fast Food,Amit,Vadodara,486864,7,3.9,16,Yes
169,RST0170,Restaurant_170,Restaurant,Amit,Mumbai,231823,6,5.0,6,Yes
170,RST0171,Restaurant_171,Cafe,Karan,Surat,330660,7,2.1,12,Yes
171,RST0172,Restaurant_172,Cafe,Riya,Ahmedabad,244391,9,4.9,16,Yes
172,RST0173,Restaurant_173,Restaurant,Neha,Vadodara,404284,15,4.7,7,No
173,RST0174,Restaurant_174,Fast Food,Amit,Rajkot,100723,50,3.5,1,No
174,RST0175,Restaurant_175,Fast Food,Raj,Mumbai,338068,10,1.3,8,No
175,RST0176,Restaurant_176,Cafe,Karan,Vadodara,196237,100,3.6,18,Yes
176,RST0177,Restaurant_177,Fine Dining,Riya,Vadodara,331769,45,2.6,6,Yes
177,RST0178,Restaurant_178,Restaurant,Raj,Rajkot,343612,39,4.4,16,Yes
178,RST0179,Restaurant_179,Fine Dining,Karan,Mumbai,353941,64,2.4,16,No
179,RST0180,Restaurant_180,Fine Dining,Amit,Mumbai,77857,80,4.7,6,No
180,RST0181,Restaurant_181,Cafe,Neha,Rajkot,226912,22,1.2,10,No
181,RST0182,Restaurant_182,Cafe,Neha,Vadodara,231060,49,4.2,18,Yes
182,RST0183,Restaurant_183,Fast Food,Neha,Mumbai,146025,24,1.9,4,No
183,RST0184,Restaurant_184,Cafe,Riya,Ahmedabad,282497,8,3.9,15,Yes
184,RST0185,Restaurant_185,Fine Dining,Riya,Ahmedabad,223349,26,2.7,8,Yes
185,RST0186,Restaurant_186,Fine Dining,Karan,Surat,273338,38,1.1,12,No
186,RST0187,Restaurant_187,Cafe,Raj,Ahmedabad,136394,22,3.8,3,No
187,RST0188,Restaurant_188,Fine Dining,Amit,Ahmedabad,417716,38,4.8,18,Yes
188,RST0189,Restaurant_189,Restaurant,Raj,Surat,419063,92,1.3,20,No
189,RST0190,Restaurant_190,Cafe,Riya,Vadodara,297788,45,2.3,9,Yes
190,RST0191,Restaurant_191,Cafe,Raj,Ahmedabad,93028,47,4.9,13,No
191,RST0192,Restaurant_192,Fast Food,Amit,Surat,54977,20,4.5,10,Yes
192,RST0193,Restaurant_193,Fast Food,Neha,Mumbai,304686,23,1.3,17,No
193,RST0194,Restaurant_194,Restaurant,Karan,Ahmedabad,107598,59,4.3,6,Yes
194,RST0195,Restaurant_195,Fine Dining,Neha,Ahmedabad,349355,79,4.8,1,Yes
195,RST0196,Restaurant_196,Fast Food,Raj,Rajkot,57327,54,3.0,20,No
196,RST0197,Restaurant_197,Cafe,Raj,Mumbai,397354,48,1.8,18,Yes
197,RST0198,Restaurant_198,Fine Dining,Raj,Vadodara,246594,28,4.0,15,No
198,RST0199,Restaurant_199,Restaurant,Riya,Ahmedabad,186628,44,4.6,20,No
199,RST0200,Restaurant_200,Cafe,Neha,Mumbai,298588,44,2.7,14,No
200,RST0201,Restaurant_201,Fine Dining,Amit,Surat,248033,51,3.4,5,Yes
201,RST0202,Restaurant_202,Fast Food,Karan,Surat,333462,28,1.1,18,Yes
202,RST0203,Restaurant_203,Fine Dining,Raj,Surat,360653,48,3.9,15,Yes
203,RST0204,Restaurant_204,Restaurant,Riya,Rajkot,95563,85,4.2,10,Yes
204,RST0205,Restaurant_205,Cafe,Amit,Ahmedabad,386796,70,2.0,19,Yes
205,RST0206,Restaurant_206,Fast Food,Karan,Rajkot,346758,26,3.5,6,Yes
206,RST0207,Restaurant_207,Fine Dining,Raj,Ahmedabad,121502,67,3.6,16,No
207,RST0208,Restaurant_208,Restaurant,Raj,Rajkot,259666,72,1.0,9,Yes
208,RST0209,Restaurant_209,Fine Dining,Amit,Vadodara,324110,79,3.3,4,Yes
209,RST0210,Restaurant_210,Restaurant,Neha,Rajkot,120020,82,4.9,10,No
210,RST0211,Restaurant_211,Cafe,Amit,Ahmedabad,135063,66,4.7,7,No
211,RST0212,Restaurant_212,Restaurant,Karan,Surat,142044,29,3.8,12,No
212,RST0213,Restaurant_213,Cafe,Raj,Rajkot,206034,30,3.2,10,Yes
213,RST0214,Restaurant_214,Cafe,Raj,Vadodara,454495,79,3.9,19,Yes
214,RST0215,Restaurant_215,Fine Dining,Karan,Surat,395844,90,2.4,20,Yes
215,RST0216,Restaurant_216,Fast Food,Karan,Ahmedabad,287920,62,2.8,12,No
216,RST0217,Restaurant_217,Restaurant,Riya,Mumbai,143024,93,1.4,10,No
217,RST0218,Restaurant_218,Restaurant,Riya,Vadodara,424242,15,4.0,12,Yes
218,RST0219,Restaurant_219,Restaurant,Karan,Ahmedabad,383166,16,2.0,12,Yes
219,RST0220,Restaurant_220,Fine Dining,Karan,Mumbai,306681,97,2.8,1,No
220,RST0221,Restaurant_221,Fine Dining,Raj,Ahmedabad,225602,62,3.7,15,Yes
221,RST0222,Restaurant_222,Restaurant,Riya,Ahmedabad,257924,6,1.6,20,Yes
222,RST0223,Restaurant_223,Cafe,Amit,Mumbai,421014,60,4.0,18,Yes
223,RST0224,Restaurant_224,Fast Food,Karan,Vadodara,276737,98,4.0,16,Yes
224,RST0225,Restaurant_225,Fast Food,Raj,Mumbai,247648,19,4.7,2,Yes
225,RST0226,Restaurant_226,Fine Dining,Karan,Ahmedabad,199921,97,3.3,15,No
226,RST0227,Restaurant_227,Fast Food,Neha,Mumbai,427854,82,3.7,1,Yes
227,RST0228,Restaurant_228,Restaurant,Raj,Ahmedabad,447240,67,1.5,13,No
228,RST0229,Restaurant_229,Fine Dining,Neha,Rajkot,309014,84,3.4,13,Yes
229,RST0230,Restaurant_230,Restaurant,Neha,Rajkot,452638,18,1.0,15,No
230,RST0231,Restaurant_231,Fine Dining,Neha,Ahmedabad,376214,6,2.1,13,No
231,RST0232,Restaurant_232,Fast Food,Raj,Rajkot,236336,89,3.1,13,Yes
232,RST0233,Restaurant_233,Restaurant,Neha,Vadodara,262796,84,2.3,4,Yes
233,RST0234,Restaurant_234,Cafe,Neha,Surat,327936,8,3.7,18,Yes
234,RST0235,Restaurant_235,Fine Dining,Raj,Ahmedabad,105727,56,2.0,12,Yes
235,RST0236,Restaurant_236,Fast Food,Neha,Mumbai,391107,73,4.6,2,No
236,RST0237,Restaurant_237,Fast Food,Riya,Vadodara,357464,66,3.9,17,No
237,RST0238,Restaurant_238,Cafe,Karan,Vadodara,126982,36,3.0,8,Yes
238,RST0239,Restaurant_239,Restaurant,Raj,Vadodara,259552,5,3.2,20,Yes
239,RST0240,Restaurant_240,Cafe,Karan,Vadodara,373072,41,3.0,10,Yes
240,RST0241,Restaurant_241,Restaurant,Riya,Mumbai,251541,35,4.6,3,Yes
241,RST0242,Restaurant_242,Restaurant,Riya,Vadodara,316116,55,4.6,15,No
242,RST0243,Restaurant_243,Fast Food,Neha,Surat,401590,29,1.3,7,No
243,RST0244,Restaurant_244,Cafe,Karan,Mumbai,199595,57,2.7,8,No
244,RST0245,Restaurant_245,Fine Dining,Riya,Mumbai,253979,100,3.7,8,No
245,RST0246,Restaurant_246,Restaurant,Riya,Ahmedabad,421198,93,3.1,20,No
246,RST0247,Restaurant_247,Cafe,Amit,Surat,407858,87,4.7,16,Yes
247,RST0248,Restaurant_248,Cafe,Neha,Surat,173130,17,2.8,4,Yes
248,RST0249,Restaurant_249,Fine Dining,Riya,Ahmedabad,486137,12,1.5,20,Yes
249,RST0250,Restaurant_250,Fast Food,Amit,Surat,412945,25,1.6,8,Yes
250,RST0251,Restaurant_251,Cafe,Amit,Rajkot,268050,21,3.8,5,No
251,RST0252,Restaurant_252,Restaurant,Neha,Ahmedabad,489361,70,2.0,4,Yes
252,RST0253,Restaurant_253,Cafe,Amit,Rajkot,161304,31,2.6,20,No
253,RST0254,Restaurant_254,Fine Dining,Riya,Surat,417581,61,3.2,15,Yes
254,RST0255,Restaurant_255,Fast Food,Neha,Mumbai,277857,26,3.2,2,Yes
255,RST0256,Restaurant_256,Fast Food,Riya,Mumbai,186139,91,4.5,1,No
256,RST0257,Restaurant_257,Restaurant,Amit,Rajkot,87954,38,4.5,17,Yes
257,RST0258,Restaurant_258,Fast Food,Riya,Ahmedabad,349545,5,4.6,15,No
258,RST0259,Restaurant_259,Fine Dining,Neha,Ahmedabad,86084,49,1.6,14,No
259,RST0260,Restaurant_260,Fast Food,Raj,Ahmedabad,279416,60,4.3,17,Yes
260,RST0261,Restaurant_261,Fast Food,Neha,Ahmedabad,300926,36,4.0,3,Yes
261,RST0262,Restaurant_262,Fine Dining,Raj,Mumbai,270935,13,1.0,16,No
262,RST0263,Restaurant_263,Restaurant,Raj,Vadodara,112882,77,3.4,7,No
263,RST0264,Restaurant_264,Cafe,Amit,Mumbai,229657,85,1.6,16,No
264,RST0265,Restaurant_265,Cafe,Riya,Rajkot,164578,89,2.2,19,Yes
265,RST0266,Restaurant_266,Fine Dining,Amit,Mumbai,328997,71,2.7,16,Yes
266,RST0267,Restaurant_267,Cafe,Karan,Vadodara,144057,78,3.9,13,Yes
267,RST0268,Restaurant_268,Fine Dining,Neha,Rajkot,57934,94,2.1,16,Yes
268,RST0269,Restaurant_269,Fine Dining,Riya,Surat,184222,95,4.9,9,No
269,RST0270,Restaurant_270,Fine Dining,Riya,Mumbai,76739,66,3.1,6,No
270,RST0271,Restaurant_271,Fine Dining,Amit,Ahmedabad,297666,43,4.4,1,Yes
271,RST0272,Restaurant_272,Cafe,Riya,Ahmedabad,293178,12,1.1,12,Yes
272,RST0273,Restaurant_273,Cafe,Riya,Vadodara,130673,79,3.0,17,Yes
273,RST0274,Restaurant_274,Fast Food,Karan,Mumbai,235079,44,1.0,11,Yes
274,RST0275,Restaurant_275,Restaurant,Riya,Vadodara,273044,5,3.3,5,No
275,RST0276,Restaurant_276,Restaurant,Karan,Vadodara,326858,84,4.1,9,No
276,RST0277,Restaurant_277,Cafe,Neha,Vadodara,236709,10,3.1,6,No
277,RST0278,Restaurant_278,Restaurant,Riya,Ahmedabad,386677,81,1.3,1,Yes
278,RST0279,Restaurant_279,Fine Dining,Neha,Rajkot,254040,10,4.8,17,Yes
279,RST0280,Restaurant_280,Fine Dining,Karan,Ahmedabad,295923,89,3.5,15,Yes
280,RST0281,Restaurant_281,Restaurant,Amit,Mumbai,238449,13,3.4,14,Yes
281,RST0282,Restaurant_282,Restaurant,Riya,Rajkot,375533,19,4.6,18,No
282,RST0283,Restaurant_283,Restaurant,Neha,Vadodara,184239,12,3.1,7,No
283,RST0284,Restaurant_284,Cafe,Amit,Vadodara,275900,74,1.2,18,Yes
284,RST0285,Restaurant_285,Fast Food,Raj,Ahmedabad,288333,99,4.9,10,No
285,RST0286,Restaurant_286,Fine Dining,Neha,Vadodara,306074,47,2.9,8,No
286,RST0287,Restaurant_287,Restaurant,Karan,Rajkot,489184,72,3.1,15,No
287,RST0288,Restaurant_288,Cafe,Riya,Surat,479077,71,3.2,20,No
288,RST0289,Restaurant_289,Cafe,Neha,Vadodara,338443,44,2.1,12,No
289,RST0290,Restaurant_290,Fine Dining,Neha,Ahmedabad,486969,28,4.4,18,No
290,RST0291,Restaurant_291,Cafe,Riya,Surat,482736,31,1.0,14,Yes
291,RST0292,Restaurant_292,Fine Dining,Raj,Rajkot,274160,21,3.7,6,No
292,RST0293,Restaurant_293,Fast Food,Riya,Rajkot,389890,7,2.8,2,Yes
293,RST0294,Restaurant_294,Fast Food,Raj,Ahmedabad,280692,74,3.2,3,Yes
294,RST0295,Restaurant_295,Fine Dining,Karan,Surat,121922,68,4.5,13,No
295,RST0296,Restaurant_296,Fast Food,Neha,Surat,56819,73,4.0,20,No
296,RST0297,Restaurant_297,Restaurant,Neha,Surat,251213,49,1.1,2,Yes
297,RST0298,Restaurant_298,Fine Dining,Riya,Vadodara,430545,12,4.5,10,No
298,RST0299,Restaurant_299,Restaurant,Riya,Surat,396934,12,2.3,14,No
299,RST0300,Restaurant_300,Fine Dining,Neha,Ahmedabad,392418,86,3.0,11,No
300,RST0301,Restaurant_301,Fine Dining,Amit,Rajkot,91079,40,1.6,12,Yes
301,RST0302,Restaurant_302,Fast Food,Karan,Ahmedabad,126535,52,3.1,13,No
302,RST0303,Restaurant_303,Fine Dining,Riya,Mumbai,413747,62,2.5,20,No
303,RST0304,Restaurant_304,Restaurant,Raj,Ahmedabad,360489,95,3.4,14,Yes
304,RST0305,Restaurant_305,Fast Food,Amit,Ahmedabad,130834,88,4.3,12,Yes
305,RST0306,Restaurant_306,Cafe,Raj,Vadodara,372052,46,2.6,16,No
306,RST0307,Restaurant_307,Restaurant,Amit,Mumbai,422007,80,4.0,19,No
307,RST0308,Restaurant_308,Fine Dining,Amit,Surat,140584,29,1.7,1,No
308,RST0309,Restaurant_309,Cafe,Karan,Vadodara,309822,50,1.8,17,Yes
309,RST0310,Restaurant_310,Restaurant,Amit,Mumbai,236879,55,3.3,4,No
310,RST0311,Restaurant_311,Fine Dining,Karan,Vadodara,393924,12,4.8,6,Yes
311,RST0312,Restaurant_312,Restaurant,Amit,Vadodara,387467,33,2.4,18,Yes
312,RST0313,Restaurant_313,Fast Food,Karan,Mumbai,475333,83,2.3,7,No
313,RST0314,Restaurant_314,Fine Dining,Karan,Surat,328402,92,4.3,2,Yes
314,RST0315,Restaurant_315,Cafe,Karan,Surat,218276,82,4.1,19,Yes
315,RST0316,Restaurant_316,Fast Food,Raj,Rajkot,361486,84,4.7,8,Yes
316,RST0317,Restaurant_317,Cafe,Karan,Ahmedabad,276191,43,4.3,12,Yes
317,RST0318,Restaurant_318,Restaurant,Amit,Surat,244605,35,3.5,3,Yes
318,RST0319,Restaurant_319,Cafe,Riya,Vadodara,412557,32,3.5,10,Yes
319,RST0320,Restaurant_320,Fine Dining,Raj,Surat,144998,33,4.0,6,No
320,RST0321,Restaurant_321,Restaurant,Karan,Surat,463275,47,1.9,3,No
321,RST0322,Restaurant_322,Restaurant,Riya,Rajkot,316988,91,4.5,8,Yes
322,RST0323,Restaurant_323,Restaurant,Raj,Vadodara,155938,29,2.0,17,Yes
323,RST0324,Restaurant_324,Fine Dining,Raj,Ahmedabad,223246,53,3.0,11,No
324,RST0325,Restaurant_325,Fast Food,Riya,Vadodara,330101,92,2.6,16,No
325,RST0326,Restaurant_326,Fast Food,Karan,Surat,333286,67,2.4,15,Yes
326,RST0327,Restaurant_327,Fine Dining,Neha,Mumbai,175137,23,1.9,20,No
327,RST0328,Restaurant_328,Restaurant,Raj,Vadodara,206948,46,2.9,13,No
328,RST0329,Restaurant_329,Restaurant,Neha,Surat,223106,66,4.4,11,No
329,RST0330,Restaurant_330,Fast Food,Riya,Surat,397179,7,4.2,14,Yes
330,RST0331,Restaurant_331,Fast Food,Karan,Vadodara,83459,42,4.1,12,No
331,RST0332,Restaurant_332,Fast Food,Karan,Mumbai,123952,47,3.2,14,No
332,RST0333,Restaurant_333,Fine Dining,Amit,Mumbai,403916,15,4.0,6,No
333,RST0334,Restaurant_334,Fast Food,Karan,Surat,199546,35,2.2,9,No
334,RST0335,Restaurant_335,Fine Dining,Neha,Ahmedabad,164140,7,2.8,16,Yes
335,RST0336,Restaurant_336,Fine Dining,Raj,Surat,115016,81,3.2,13,Yes
336,RST0337,Restaurant_337,Fine Dining,Karan,Vadodara,184430,59,1.9,5,Yes
337,RST0338,Restaurant_338,Fast Food,Raj,Vadodara,331581,61,3.1,19,No
338,RST0339,Restaurant_339,Fine Dining,Karan,Vadodara,133087,43,1.4,1,Yes
339,RST0340,Restaurant_340,Fast Food,Raj,Ahmedabad,293373,31,4.4,15,Yes
340,RST0341,Restaurant_341,Cafe,Raj,Ahmedabad,167634,52,4.2,7,No
341,RST0342,Restaurant_342,Cafe,Amit,Ahmedabad,266590,64,4.0,18,No
342,RST0343,Restaurant_343,Restaurant,Raj,Vadodara,76733,50,3.2,19,Yes
343,RST0344,Restaurant_344,Restaurant,Riya,Vadodara,267377,36,1.9,2,No
344,RST0345,Restaurant_345,Fast Food,Neha,Ahmedabad,307845,28,1.9,11,Yes
345,RST0346,Restaurant_346,Fast Food,Riya,Surat,431663,67,2.9,7,No
346,RST0347,Restaurant_347,Fast Food,Raj,Vadodara,359390,84,1.4,20,Yes
347,RST0348,Restaurant_348,Cafe,Karan,Rajkot,282011,35,1.5,5,No
348,RST0349,Restaurant_349,Fine Dining,Raj,Mumbai,175777,58,3.5,14,Yes
349,RST0350,Restaurant_350,Restaurant,Karan,Vadodara,123786,26,4.3,11,No
350,RST0351,Restaurant_351,Cafe,Raj,Mumbai,471203,20,2.0,8,No
351,RST0352,Restaurant_352,Fast Food,Riya,Ahmedabad,445148,36,3.3,2,Yes
352,RST0353,Restaurant_353,Cafe,Karan,Rajkot,345984,34,4.2,16,Yes
353,RST0354,Restaurant_354,Fine Dining,Riya,Vadodara,425511,60,1.5,6,No
354,RST0355,Restaurant_355,Restaurant,Neha,Vadodara,162882,40,3.6,3,Yes
355,RST0356,Restaurant_356,Fast Food,Karan,Surat,362950,53,1.6,7,Yes
356,RST0357,Restaurant_357,Fine Dining,Neha,Surat,178259,65,1.5,15,No
357,RST0358,Restaurant_358,Fine Dining,Riya,Surat,286032,28,3.8,5,Yes
358,RST0359,Restaurant_359,Fast Food,Karan,Surat,285784,22,1.1,6,No
359,RST0360,Restaurant_360,Cafe,Neha,Vadodara,339321,43,4.8,17,No
360,RST0361,Restaurant_361,Fast Food,Raj,Surat,64717,42,4.2,2,Yes
361,RST0362,Restaurant_362,Cafe,Riya,Rajkot,98619,100,1.7,19,No
362,RST0363,Restaurant_363,Cafe,Riya,Vadodara,141572,91,3.8,1,No
363,RST0364,Restaurant_364,Cafe,Riya,Surat,229406,29,2.3,15,Yes
364,RST0365,Restaurant_365,Restaurant,Raj,Ahmedabad,68714,95,3.8,18,Yes
365,RST0366,Restaurant_366,Cafe,Karan,Rajkot,199468,88,1.1,15,Yes
366,RST0367,Restaurant_367,Fine Dining,Raj,Vadodara,451446,30,2.8,7,No
367,RST0368,Restaurant_368,Restaurant,Riya,Surat,303805,14,2.4,15,Yes
368,RST0369,Restaurant_369,Cafe,Neha,Ahmedabad,280381,84,3.6,14,No
369,RST0370,Restaurant_370,Cafe,Riya,Surat,82706,66,2.5,7,Yes
370,RST0371,Restaurant_371,Restaurant,Karan,Surat,162417,12,3.0,18,Yes
371,RST0372,Restaurant_372,Restaurant,Karan,Mumbai,205210,69,3.6,12,No
372,RST0373,Restaurant_373,Fast Food,Neha,Ahmedabad,260079,93,1.7,18,No
373,RST0374,Restaurant_374,Cafe,Riya,Mumbai,443241,30,2.8,5,Yes
374,RST0375,Restaurant_375,Fine Dining,Neha,Mumbai,476220,52,2.3,6,Yes
375,RST0376,Restaurant_376,Restaurant,Raj,Mumbai,290194,14,4.1,13,Yes
376,RST0377,Restaurant_377,Fine Dining,Amit,Rajkot,471601,77,2.9,5,No
377,RST0378,Restaurant_378,Fine Dining,Neha,Rajkot,254079,23,1.6,7,No
378,RST0379,Restaurant_379,Cafe,Riya,Ahmedabad,129266,95,1.1,9,No
379,RST0380,Restaurant_380,Fast Food,Raj,Surat,255549,76,3.2,4,No
380,RST0381,Restaurant_381,Cafe,Amit,Rajkot,410614,66,4.3,15,Yes
381,RST0382,Restaurant_382,Restaurant,Karan,Vadodara,474679,11,1.3,20,Yes
382,RST0383,Restaurant_383,Fine Dining,Neha,Ahmedabad,499006,52,2.3,6,Yes
383,RST0384,Restaurant_384,Restaurant,Amit,Surat,162110,62,2.6,8,Yes
384,RST0385,Restaurant_385,Cafe,Karan,Rajkot,348636,22,4.0,15,No
385,RST0386,Restaurant_386,Restaurant,Karan,Vadodara,269807,44,4.6,12,Yes
386,RST0387,Restaurant_387,Fine Dining,Neha,Ahmedabad,412205,72,1.5,3,No
387,RST0388,Restaurant_388,Cafe,Raj,Ahmedabad,265983,99,2.7,14,No
388,RST0389,Restaurant_389,Restaurant,Karan,Rajkot,279688,87,1.2,10,Yes
389,RST0390,Restaurant_390,Restaurant,Neha,Surat,359363,33,2.4,11,No
390,RST0391,Restaurant_391,Fine Dining,Riya,Surat,322429,98,3.0,5,Yes
391,RST0392,Restaurant_392,Restaurant,Riya,Vadodara,63508,43,3.2,18,Yes
392,RST0393,Restaurant_393,Cafe,Riya,Rajkot,313934,21,2.4,17,Yes
393,RST0394,Restaurant_394,Restaurant,Neha,Ahmedabad,225766,18,4.4,9,No
394,RST0395,Restaurant_395,Cafe,Amit,Surat,429225,33,4.3,19,Yes
395,RST0396,Restaurant_396,Restaurant,Raj,Ahmedabad,166251,60,2.8,15,Yes
396,RST0397,Restaurant_397,Fine Dining,Amit,Rajkot,84258,6,3.1,19,Yes
397,RST0398,Restaurant_398,Restaurant,Karan,Ahmedabad,291300,57,2.5,6,No
398,RST0399,Restaurant_399,Fast Food,Amit,Vadodara,261304,86,4.9,10,Yes
399,RST0400,Restaurant_400,Fast Food,Amit,Ahmedabad,260853,66,3.0,9,No
400,RST0401,Restaurant_401,Fast Food,Karan,Rajkot,201860,37,2.9,11,No
401,RST0402,Restaurant_402,Fast Food,Amit,Rajkot,328399,22,4.1,12,No
402,RST0403,Restaurant_403,Fine Dining,Karan,Mumbai,142407,6,2.8,8,No
403,RST0404,Restaurant_404,Cafe,Neha,Vadodara,64020,97,5.0,2,No
404,RST0405,Restaurant_405,Restaurant,Raj,Surat,377109,84,3.2,7,No
405,RST0406,Restaurant_406,Fine Dining,Neha,Vadodara,84094,60,3.2,20,Yes
406,RST0407,Restaurant_407,Restaurant,Neha,Surat,237368,65,4.6,15,No
407,RST0408,Restaurant_408,Restaurant,Riya,Rajkot,157116,67,2.8,19,Yes
408,RST0409,Restaurant_409,Cafe,Karan,Surat,357738,56,4.1,15,Yes
409,RST0410,Restaurant_410,Cafe,Raj,Mumbai,145933,83,3.7,12,No
410,RST0411,Restaurant_411,Fast Food,Riya,Rajkot,386488,39,4.0,20,No
411,RST0412,Restaurant_412,Fast Food,Karan,Vadodara,73039,64,1.2,13,No
412,RST0413,Restaurant_413,Fine Dining,Raj,Mumbai,289979,9,3.7,9,Yes
413,RST0414,Restaurant_414,Fine Dining,Karan,Surat,283661,67,2.4,2,No
414,RST0415,Restaurant_415,Fine Dining,Riya,Surat,311230,100,3.2,3,No
415,RST0416,Restaurant_416,Restaurant,Karan,Mumbai,164173,73,1.4,7,Yes
416,RST0417,Restaurant_417,Fast Food,Neha,Vadodara,420806,22,1.7,19,No
417,RST0418,Restaurant_418,Fine Dining,Amit,Vadodara,163090,78,4.8,14,Yes
418,RST0419,Restaurant_419,Fine Dining,Amit,Rajkot,112097,71,4.0,11,No
419,RST0420,Restaurant_420,Fast Food,Raj,Rajkot,197176,58,2.0,12,No
420,RST0421,Restaurant_421,Fast Food,Neha,Mumbai,236561,71,3.5,11,No
421,RST0422,Restaurant_422,Restaurant,Neha,Vadodara,383959,13,3.6,16,No
422,RST0423,Restaurant_423,Fast Food,Amit,Ahmedabad,321021,59,4.2,16,No
423,RST0424,Restaurant_424,Fast Food,Amit,Ahmedabad,104062,16,4.1,16,No
424,RST0425,Restaurant_425,Cafe,Riya,Mumbai,52402,66,3.7,16,No
425,RST0426,Restaurant_426,Cafe,Amit,Ahmedabad,72025,10,2.9,5,No
426,RST0427,Restaurant_427,Fine Dining,Karan,Rajkot,216431,95,4.7,12,Yes
427,RST0428,Restaurant_428,Fast Food,Raj,Mumbai,142185,37,5.0,4,Yes
428,RST0429,Restaurant_429,Cafe,Riya,Mumbai,440211,59,4.5,11,No
429,RST0430,Restaurant_430,Fast Food,Raj,Surat,187281,91,1.7,16,No
430,RST0431,Restaurant_431,Restaurant,Raj,Vadodara,357649,53,4.6,2,No
431,RST0432,Restaurant_432,Restaurant,Neha,Vadodara,280355,87,2.1,13,Yes
432,RST0433,Restaurant_433,Cafe,Raj,Vadodara,328997,15,1.3,2,No
433,RST0434,Restaurant_434,Fine Dining,Karan,Vadodara,256656,27,1.5,16,Yes
434,RST0435,Restaurant_435,Cafe,Riya,Surat,168821,82,3.1,1,No
435,RST0436,Restaurant_436,Cafe,Riya,Surat,254574,12,3.2,20,No
436,RST0437,Restaurant_437,Cafe,Amit,Surat,309819,78,4.3,3,Yes
437,RST0438,Restaurant_438,Cafe,Riya,Ahmedabad,162089,58,2.1,9,No
438,RST0439,Restaurant_439,Fine Dining,Neha,Surat,332076,70,1.9,6,No
439,RST0440,Restaurant_440,Restaurant,Karan,Surat,409485,53,3.5,8,No
440,RST0441,Restaurant_441,Fast Food,Amit,Mumbai,461799,10,3.3,18,No
441,RST0442,Restaurant_442,Cafe,Amit,Rajkot,66683,56,2.3,1,Yes
442,RST0443,Restaurant_443,Restaurant,Neha,Surat,317792,10,3.9,3,No
443,RST0444,Restaurant_444,Cafe,Karan,Vadodara,273032,75,1.1,20,Yes
444,RST0445,Restaurant_445,Fine Dining,Karan,Ahmedabad,59527,90,1.1,6,No
445,RST0446,Restaurant_446,Fine Dining,Riya,Mumbai,102119,61,1.1,3,No
446,RST0447,Restaurant_447,Fine Dining,Riya,Ahmedabad,223633,90,4.3,17,Yes
447,RST0448,Restaurant_448,Fast Food,Karan,Surat,226507,7,2.9,11,No
448,RST0449,Restaurant_449,Restaurant,Amit,Mumbai,398751,15,1.5,17,No
449,RST0450,Restaurant_450,Cafe,Riya,Ahmedabad,115409,90,4.3,1,No
450,RST0451,Restaurant_451,Restaurant,Karan,Vadodara,279422,62,2.9,3,No
451,RST0452,Restaurant_452,Fast Food,Raj,Rajkot,95900,93,4.6,4,No
452,RST0453,Restaurant_453,Fine Dining,Karan,Surat,260775,12,1.9,3,No
453,RST0454,Restaurant_454,Fast Food,Riya,Vadodara,489208,77,3.3,5,Yes
454,RST0455,Restaurant_455,Fast Food,Karan,Surat,180519,28,3.7,14,No
455,RST0456,Restaurant_456,Restaurant,Neha,Ahmedabad,466681,50,2.9,20,Yes
456,RST0457,Restaurant_457,Fine Dining,Neha,Vadodara,337782,50,4.2,2,No
457,RST0458,Restaurant_458,Fine Dining,Neha,Vadodara,357756,17,3.1,15,No
458,RST0459,Restaurant_459,Cafe,Neha,Surat,143829,18,1.4,14,Yes
459,RST0460,Restaurant_460,Fast Food,Karan,Mumbai,122651,63,1.4,9,No
460,RST0461,Restaurant_461,Fast Food,Amit,Ahmedabad,338645,81,2.6,20,No
461,RST0462,Restaurant_462,Restaurant,Neha,Vadodara,145101,37,4.2,20,Yes
462,RST0463,Restaurant_463,Fine Dining,Amit,Surat,71692,81,2.2,3,No
463,RST0464,Restaurant_464,Fine Dining,Neha,Vadodara,381536,31,3.0,8,No
464,RST0465,Restaurant_465,Fast Food,Neha,Surat,211710,78,4.5,11,Yes
465,RST0466,Restaurant_466,Cafe,Karan,Surat,435641,73,1.9,1,No
466,RST0467,Restaurant_467,Fine Dining,Raj,Vadodara,136920,36,3.5,7,Yes
467,RST0468,Restaurant_468,Cafe,Amit,Ahmedabad,335238,94,4.8,5,No
468,RST0469,Restaurant_469,Restaurant,Karan,Rajkot,225797,89,4.9,13,No
469,RST0470,Restaurant_470,Fast Food,Riya,Surat,473578,80,1.9,18,Yes
470,RST0471,Restaurant_471,Cafe,Amit,Mumbai,120013,37,4.3,10,No
471,RST0472,Restaurant_472,Fine Dining,Raj,Vadodara,246053,75,3.7,19,Yes
472,RST0473,Restaurant_473,Fine Dining,Riya,Vadodara,409848,87,1.5,17,Yes
473,RST0474,Restaurant_474,Fine Dining,Amit,Ahmedabad,214662,82,2.9,15,Yes
474,RST0475,Restaurant_475,Restaurant,Neha,Ahmedabad,84023,16,4.9,19,Yes
475,RST0476,Restaurant_476,Fine Dining,Raj,Mumbai,255958,24,3.1,12,Yes
476,RST0477,Restaurant_477,Restaurant,Raj,Rajkot,63858,31,2.5,15,Yes
477,RST0478,Restaurant_478,Restaurant,Raj,Rajkot,93423,33,3.8,19,No
478,RST0479,Restaurant_479,Fine Dining,Karan,Ahmedabad,260300,87,3.0,14,No
479,RST0480,Restaurant_480,Restaurant,Riya,Surat,306037,99,3.4,19,No
480,RST0481,Restaurant_481,Fast Food,Amit,Surat,101819,88,4.0,17,No
481,RST0482,Restaurant_482,Cafe,Neha,Ahmedabad,258597,52,1.0,18,Yes
482,RST0483,Restaurant_483,Fast Food,Raj,Ahmedabad,444411,53,4.0,10,No
483,RST0484,Restaurant_484,Cafe,Raj,Mumbai,425151,74,3.1,16,Yes
484,RST0485,Restaurant_485,Restaurant,Karan,Vadodara,185052,97,3.1,10,Yes
485,RST0486,Restaurant_486,Fine Dining,Amit,Ahmedabad,134926,70,4.1,4,No
486,RST0487,Restaurant_487,Fast Food,Raj,Mumbai,469713,47,4.9,4,Yes
487,RST0488,Restaurant_488,Fast Food,Amit,Vadodara,348094,39,4.9,20,No
488,RST0489,Restaurant_489,Restaurant,Neha,Mumbai,229330,90,1.1,13,No
489,RST0490,Restaurant_490,Cafe,Neha,Vadodara,69529,65,1.6,18,No
490,RST0491,Restaurant_491,Fine Dining,Riya,Vadodara,369349,93,1.3,14,Yes
491,RST0492,Restaurant_492,Fine Dining,Raj,Surat,396384,17,4.5,18,No
492,RST0493,Restaurant_493,Cafe,Riya,Vadodara,103540,94,2.2,6,No
493,RST0494,Restaurant_494,Fast Food,Riya,Mumbai,224221,14,4.4,7,Yes
494,RST0495,Restaurant_495,Fine Dining,Raj,Rajkot,351849,37,2.2,4,No
495,RST0496,Restaurant_496,Restaurant,Karan,Surat,211951,60,2.3,5,No
496,RST0497,Restaurant_497,Fine Dining,Riya,Rajkot,71507,94,4.7,9,No
497,RST0498,Restaurant_498,Fine Dining,Riya,Vadodara,442518,15,1.8,13,Yes
498,RST0499,Restaurant_499,Fast Food,Neha,Vadodara,240032,94,2.1,8,No
499,RST0500,Restaurant_500,Fast Food,Karan,Rajkot,324383,90,1.6,7,Yes
500,RST0501,Restaurant_501,Fast Food,Amit,Rajkot,212886,25,2.4,10,Yes
501,RST0502,Restaurant_502,Fast Food,Riya,Vadodara,164798,54,1.8,8,No
502,RST0503,Restaurant_503,Fine Dining,Karan,Ahmedabad,442401,41,1.8,18,No
503,RST0504,Restaurant_504,Cafe,Raj,Ahmedabad,295236,47,3.9,9,No
504,RST0505,Restaurant_505,Restaurant,Karan,Ahmedabad,101996,91,1.2,10,Yes
505,RST0506,Restaurant_506,Fine Dining,Riya,Ahmedabad,54176,44,4.7,10,No
506,RST0507,Restaurant_507,Cafe,Amit,Vadodara,189406,16,4.3,9,No
507,RST0508,Restaurant_508,Fine Dining,Riya,Ahmedabad,373019,57,2.2,10,Yes
508,RST0509,Restaurant_509,Fast Food,Raj,Mumbai,226976,67,3.0,18,Yes
509,RST0510,Restaurant_510,Fast Food,Riya,Mumbai,466074,11,4.6,9,Yes
510,RST0511,Restaurant_511,Cafe,Riya,Vadodara,261671,80,1.5,2,Yes
511,RST0512,Restaurant_512,Fast Food,Karan,Mumbai,73085,74,2.1,9,Yes
512,RST0513,Restaurant_513,Fine Dining,Neha,Ahmedabad,333555,95,4.9,2,Yes
513,RST0514,Restaurant_514,Cafe,Riya,Ahmedabad,126247,95,4.8,15,Yes
514,RST0515,Restaurant_515,Cafe,Riya,Surat,369737,47,1.5,1,Yes
515,RST0516,Restaurant_516,Fine Dining,Raj,Surat,329124,92,4.2,19,Yes
516,RST0517,Restaurant_517,Restaurant,Amit,Ahmedabad,244356,50,2.6,2,Yes
517,RST0518,Restaurant_518,Fine Dining,Raj,Mumbai,260621,47,3.7,5,No
518,RST0519,Restaurant_519,Cafe,Amit,Vadodara,430475,19,2.5,6,Yes
519,RST0520,Restaurant_520,Fine Dining,Raj,Vadodara,489098,97,4.5,15,Yes
520,RST0521,Restaurant_521,Cafe,Amit,Ahmedabad,56669,12,4.9,8,Yes
521,RST0522,Restaurant_522,Fast Food,Raj,Mumbai,297876,25,4.1,1,No
522,RST0523,Restaurant_523,Fine Dining,Amit,Ahmedabad,289847,20,4.4,18,No
523,RST0524,Restaurant_524,Cafe,Amit,Surat,392609,16,1.8,17,Yes
524,RST0525,Restaurant_525,Restaurant,Neha,Ahmedabad,334634,81,4.7,8,Yes
525,RST0526,Restaurant_526,Fine Dining,Amit,Mumbai,355215,10,1.2,15,Yes
526,RST0527,Restaurant_527,Fast Food,Riya,Ahmedabad,175432,84,2.5,5,No
527,RST0528,Restaurant_528,Restaurant,Amit,Rajkot,457389,88,4.8,13,No
528,RST0529,Restaurant_529,Cafe,Amit,Vadodara,338709,86,4.6,16,No
529,RST0530,Restaurant_530,Restaurant,Riya,Vadodara,462289,42,1.2,3,Yes
530,RST0531,Restaurant_531,Cafe,Riya,Ahmedabad,331909,73,2.3,6,No
531,RST0532,Restaurant_532,Fast Food,Riya,Surat,80219,40,4.8,20,No
532,RST0533,Restaurant_533,Fine Dining,Karan,Ahmedabad,70658,95,4.2,10,Yes
533,RST0534,Restaurant_534,Restaurant,Karan,Surat,130856,50,1.7,12,Yes
534,RST0535,Restaurant_535,Cafe,Raj,Rajkot,104871,19,3.9,7,No
535,RST0536,Restaurant_536,Fine Dining,Neha,Vadodara,464405,92,3.6,15,No
536,RST0537,Restaurant_537,Fast Food,Karan,Mumbai,493567,69,4.1,17,No
537,RST0538,Restaurant_538,Restaurant,Neha,Surat,263479,82,3.1,4,Yes
538,RST0539,Restaurant_539,Cafe,Raj,Vadodara,477785,99,4.0,6,No
539,RST0540,Restaurant_540,Fast Food,Neha,Vadodara,228328,23,2.0,7,Yes
540,RST0541,Restaurant_541,Cafe,Neha,Ahmedabad,364320,54,2.1,2,Yes
541,RST0542,Restaurant_542,Fine Dining,Amit,Vadodara,341097,25,4.7,1,Yes
542,RST0543,Restaurant_543,Restaurant,Amit,Mumbai,166592,46,4.7,14,No
543,RST0544,Restaurant_544,Fast Food,Amit,Vadodara,490260,59,2.5,6,Yes
544,RST0545,Restaurant_545,Restaurant,Neha,Ahmedabad,74779,90,4.2,8,No
545,RST0546,Restaurant_546,Fine Dining,Neha,Mumbai,183030,55,5.0,11,No
546,RST0547,Restaurant_547,Restaurant,Karan,Mumbai,341541,95,4.5,4,No
547,RST0548,Restaurant_548,Restaurant,Raj,Ahmedabad,277116,78,3.1,12,No
548,RST0549,Restaurant_549,Restaurant,Neha,Ahmedabad,114399,44,2.8,5,Yes
549,RST0550,Restaurant_550,Fast Food,Neha,Ahmedabad,94937,34,4.0,7,Yes
550,RST0551,Restaurant_551,Fine Dining,Riya,Mumbai,192481,44,3.1,14,Yes
551,RST0552,Restaurant_552,Restaurant,Raj,Mumbai,233206,77,2.5,16,Yes
552,RST0553,Restaurant_553,Restaurant,Neha,Rajkot,155451,53,4.9,6,Yes
553,RST0554,Restaurant_554,Fine Dining,Raj,Vadodara,258535,7,4.6,9,No
554,RST0555,Restaurant_555,Fine Dining,Neha,Ahmedabad,103591,38,4.3,11,Yes
555,RST0556,Restaurant_556,Fine Dining,Riya,Rajkot,88327,84,4.0,19,Yes
556,RST0557,Restaurant_557,Fine Dining,Amit,Surat,220637,28,1.3,13,Yes
557,RST0558,Restaurant_558,Cafe,Karan,Surat,363947,84,2.3,17,No
558,RST0559,Restaurant_559,Fine Dining,Amit,Rajkot,402289,98,4.7,17,No
559,RST0560,Restaurant_560,Restaurant,Karan,Vadodara,478612,16,2.2,2,Yes
560,RST0561,Restaurant_561,Fine Dining,Neha,Vadodara,211169,32,4.3,11,Yes
561,RST0562,Restaurant_562,Restaurant,Riya,Surat,250283,8,1.3,10,No
562,RST0563,Restaurant_563,Fine Dining,Neha,Rajkot,105714,63,4.3,2,Yes
563,RST0564,Restaurant_564,Fast Food,Riya,Rajkot,471354,32,3.4,16,No
564,RST0565,Restaurant_565,Cafe,Amit,Mumbai,169954,38,3.8,11,Yes
565,RST0566,Restaurant_566,Restaurant,Karan,Ahmedabad,476006,91,4.0,16,No
566,RST0567,Restaurant_567,Restaurant,Raj,Vadodara,250430,83,1.1,1,No
567,RST0568,Restaurant_568,Cafe,Amit,Ahmedabad,346539,86,3.9,5,No
568,RST0569,Restaurant_569,Cafe,Karan,Vadodara,458174,60,1.9,7,No
569,RST0570,Restaurant_570,Restaurant,Neha,Surat,352398,67,2.7,13,No
570,RST0571,Restaurant_571,Cafe,Amit,Rajkot,476171,81,3.7,3,No
571,RST0572,Restaurant_572,Fine Dining,Amit,Mumbai,105389,16,4.7,6,Yes
572,RST0573,Restaurant_573,Restaurant,Raj,Ahmedabad,253258,82,2.9,13,Yes
573,RST0574,Restaurant_574,Cafe,Neha,Ahmedabad,122117,5,4.2,1,Yes
574,RST0575,Restaurant_575,Restaurant,Raj,Vadodara,357119,54,3.4,10,Yes
575,RST0576,Restaurant_576,Fine Dining,Neha,Mumbai,421220,22,4.1,15,No
576,RST0577,Restaurant_577,Fine Dining,Riya,Ahmedabad,427024,99,1.6,15,Yes
577,RST0578,Restaurant_578,Cafe,Amit,Rajkot,290530,50,4.5,19,No
578,RST0579,Restaurant_579,Cafe,Riya,Vadodara,151823,10,1.1,14,No
579,RST0580,Restaurant_580,Fast Food,Raj,Ahmedabad,344493,14,2.4,17,Yes
580,RST0581,Restaurant_581,Fine Dining,Riya,Mumbai,231933,40,4.5,3,Yes
581,RST0582,Restaurant_582,Fast Food,Raj,Vadodara,411979,88,4.8,18,Yes
582,RST0583,Restaurant_583,Cafe,Riya,Mumbai,262472,32,3.7,8,Yes
583,RST0584,Restaurant_584,Cafe,Karan,Ahmedabad,483395,38,1.2,19,No
584,RST0585,Restaurant_585,Cafe,Karan,Vadodara,184946,42,1.3,15,No
585,RST0586,Restaurant_586,Fine Dining,Raj,Mumbai,259900,24,2.8,9,No
586,RST0587,Restaurant_587,Cafe,Riya,Mumbai,50871,57,2.4,13,Yes
587,RST0588,Restaurant_588,Restaurant,Amit,Ahmedabad,171454,67,1.8,5,No
588,RST0589,Restaurant_589,Fast Food,Raj,Mumbai,199313,31,4.0,12,Yes
589,RST0590,Restaurant_590,Restaurant,Amit,Rajkot,357039,42,3.1,16,Yes
590,RST0591,Restaurant_591,Fine Dining,Amit,Surat,130687,12,1.6,7,No
591,RST0592,Restaurant_592,Cafe,Raj,Mumbai,476193,52,1.2,9,No
592,RST0593,Restaurant_593,Cafe,Neha,Vadodara,256964,45,3.9,17,No
593,RST0594,Restaurant_594,Restaurant,Raj,Ahmedabad,420467,53,2.9,10,No
594,RST0595,Restaurant_595,Fine Dining,Karan,Rajkot,384201,87,3.8,2,Yes
595,RST0596,Restaurant_596,Restaurant,Neha,Ahmedabad,474314,61,2.8,4,No
596,RST0597,Restaurant_597,Cafe,Raj,Rajkot,249494,72,2.8,20,Yes
597,RST0598,Restaurant_598,Restaurant,Riya,Vadodara,172753,18,1.2,6,No
598,RST0599,Restaurant_599,Fine Dining,Karan,Surat,366110,40,4.5,15,No
599,RST0600,Restaurant_600,Cafe,Karan,Ahmedabad,474304,44,4.1,20,Yes
600,RST0601,Restaurant_601,Fine Dining,Karan,Vadodara,233461,37,3.7,1,No
601,RST0602,Restaurant_602,Fast Food,Amit,Vadodara,341605,89,2.6,3,Yes
602,RST0603,Restaurant_603,Restaurant,Riya,Vadodara,215681,63,3.0,5,No
603,RST0604,Restaurant_604,Fine Dining,Amit,Vadodara,120709,6,4.5,5,No
604,RST0605,Restaurant_605,Fast Food,Riya,Surat,217147,47,3.9,10,Yes
605,RST0606,Restaurant_606,Fast Food,Raj,Rajkot,258999,44,2.2,3,No
606,RST0607,Restaurant_607,Restaurant,Neha,Surat,397256,52,2.2,12,No
607,RST0608,Restaurant_608,Fast Food,Riya,Ahmedabad,212407,98,4.2,12,Yes
608,RST0609,Restaurant_609,Cafe,Raj,Rajkot,90143,25,3.5,15,No
609,RST0610,Restaurant_610,Fine Dining,Neha,Rajkot,221678,12,4.0,8,No
610,RST0611,Restaurant_611,Fast Food,Neha,Rajkot,415264,37,3.3,6,Yes
611,RST0612,Restaurant_612,Cafe,Amit,Rajkot,369293,36,1.1,12,No
612,RST0613,Restaurant_613,Cafe,Amit,Rajkot,271369,46,3.9,5,No
613,RST0614,Restaurant_614,Cafe,Raj,Ahmedabad,96497,45,2.5,7,Yes
614,RST0615,Restaurant_615,Fast Food,Neha,Vadodara,176576,33,3.9,6,Yes
615,RST0616,Restaurant_616,Restaurant,Karan,Rajkot,482509,99,1.9,11,Yes
616,RST0617,Restaurant_617,Fast Food,Neha,Rajkot,401882,5,1.5,16,Yes
617,RST0618,Restaurant_618,Fine Dining,Amit,Surat,317786,69,1.9,20,No
618,RST0619,Restaurant_619,Cafe,Amit,Rajkot,457666,95,4.0,5,Yes
619,RST0620,Restaurant_620,Restaurant,Neha,Ahmedabad,52596,31,3.8,13,Yes
620,RST0621,Restaurant_621,Fast Food,Amit,Rajkot,304292,16,1.0,18,Yes
621,RST0622,Restaurant_622,Fine Dining,Raj,Ahmedabad,215314,85,1.5,1,Yes
622,RST0623,Restaurant_623,Cafe,Raj,Mumbai,365616,37,4.1,5,Yes
623,RST0624,Restaurant_624,Restaurant,Raj,Surat,282965,43,4.5,13,No
624,RST0625,Restaurant_625,Restaurant,Karan,Mumbai,288807,94,3.2,4,No
625,RST0626,Restaurant_626,Restaurant,Riya,Surat,405309,44,2.5,13,Yes
626,RST0627,Restaurant_627,Restaurant,Raj,Rajkot,289445,46,3.2,10,No
627,RST0628,Restaurant_628,Fast Food,Raj,Surat,290623,99,4.1,16,No
628,RST0629,Restaurant_629,Fine Dining,Raj,Vadodara,234937,24,2.4,1,Yes
629,RST0630,Restaurant_630,Restaurant,Karan,Ahmedabad,353807,74,1.8,16,No
630,RST0631,Restaurant_631,Restaurant,Raj,Rajkot,419354,6,2.2,6,No
631,RST0632,Restaurant_632,Cafe,Neha,Vadodara,247369,74,1.7,8,Yes
632,RST0633,Restaurant_633,Fine Dining,Raj,Mumbai,150469,85,4.5,9,Yes
633,RST0634,Restaurant_634,Cafe,Karan,Vadodara,52814,71,1.1,16,No
634,RST0635,Restaurant_635,Cafe,Amit,Ahmedabad,155913,27,2.3,4,No
635,RST0636,Restaurant_636,Fast Food,Raj,Ahmedabad,151845,95,1.2,17,No
636,RST0637,Restaurant_637,Restaurant,Amit,Rajkot,157428,27,2.6,19,No
637,RST0638,Restaurant_638,Cafe,Riya,Surat,352554,74,2.5,19,Yes
638,RST0639,Restaurant_639,Fine Dining,Karan,Vadodara,250135,41,3.0,8,Yes
639,RST0640,Restaurant_640,Fine Dining,Amit,Ahmedabad,452284,91,4.5,18,Yes
640,RST0641,Restaurant_641,Fine Dining,Amit,Mumbai,402239,36,4.1,4,Yes
641,RST0642,Restaurant_642,Fine Dining,Amit,Rajkot,59292,78,5.0,2,No
642,RST0643,Restaurant_643,Restaurant,Amit,Rajkot,121934,44,2.0,9,No
643,RST0644,Restaurant_644,Fine Dining,Neha,Surat,128284,80,4.1,15,No
644,RST0645,Restaurant_645,Fine Dining,Neha,Mumbai,283312,8,2.8,4,No
645,RST0646,Restaurant_646,Cafe,Raj,Rajkot,166384,12,2.1,6,No
646,RST0647,Restaurant_647,Restaurant,Raj,Mumbai,126022,81,4.7,20,No
647,RST0648,Restaurant_648,Fine Dining,Riya,Mumbai,214955,96,4.9,15,No
648,RST0649,Restaurant_649,Fast Food,Raj,Mumbai,416308,26,4.6,6,Yes
649,RST0650,Restaurant_650,Restaurant,Riya,Mumbai,446686,37,3.5,11,Yes
650,RST0651,Restaurant_651,Restaurant,Riya,Ahmedabad,325985,20,4.5,8,Yes
651,RST0652,Restaurant_652,Restaurant,Riya,Mumbai,473567,74,3.2,1,No
652,RST0653,Restaurant_653,Cafe,Amit,Mumbai,87360,33,4.5,12,No
653,RST0654,Restaurant_654,Fine Dining,Amit,Ahmedabad,180964,12,4.4,4,Yes
654,RST0655,Restaurant_655,Fast Food,Amit,Rajkot,317129,69,4.9,3,Yes
655,RST0656,Restaurant_656,Fast Food,Amit,Rajkot,76579,21,4.2,7,No
656,RST0657,Restaurant_657,Restaurant,Raj,Rajkot,369684,27,4.9,3,No
657,RST0658,Restaurant_658,Cafe,Raj,Ahmedabad,140363,47,1.7,10,Yes
658,RST0659,Restaurant_659,Fast Food,Neha,Rajkot,170963,70,2.1,3,Yes
659,RST0660,Restaurant_660,Fast Food,Amit,Ahmedabad,493832,11,2.6,16,Yes
660,RST0661,Restaurant_661,Cafe,Karan,Surat,217085,31,4.4,8,No
661,RST0662,Restaurant_662,Fine Dining,Karan,Mumbai,185291,54,2.3,6,Yes
662,RST0663,Restaurant_663,Fine Dining,Karan,Rajkot,187868,43,4.1,6,Yes
663,RST0664,Restaurant_664,Restaurant,Amit,Vadodara,221151,16,4.1,11,Yes
664,RST0665,Restaurant_665,Restaurant,Raj,Surat,492374,42,4.4,8,No
665,RST0666,Restaurant_666,Fast Food,Raj,Ahmedabad,153398,75,4.1,11,Yes
666,RST0667,Restaurant_667,Cafe,Amit,Rajkot,390035,62,3.4,16,No
667,RST0668,Restaurant_668,Cafe,Raj,Rajkot,429654,69,4.9,1,No
668,RST0669,Restaurant_669,Fine Dining,Amit,Rajkot,100788,26,2.8,18,No
669,RST0670,Restaurant_670,Cafe,Neha,Ahmedabad,182256,99,2.3,9,No
670,RST0671,Restaurant_671,Fine Dining,Karan,Surat,300700,81,3.3,3,No
671,RST0672,Restaurant_672,Fine Dining,Neha,Surat,415951,15,4.5,7,Yes
672,RST0673,Restaurant_673,Cafe,Karan,Ahmedabad,63371,73,1.5,4,Yes
673,RST0674,Restaurant_674,Fast Food,Amit,Vadodara,88839,23,4.6,18,No
674,RST0675,Restaurant_675,Restaurant,Riya,Rajkot,451433,19,3.9,20,No
675,RST0676,Restaurant_676,Fast Food,Amit,Vadodara,156294,35,2.7,18,No
676,RST0677,Restaurant_677,Cafe,Riya,Surat,447000,13,1.0,6,Yes
677,RST0678,Restaurant_678,Fast Food,Riya,Rajkot,408361,71,4.6,14,No
678,RST0679,Restaurant_679,Fine Dining,Neha,Mumbai,241239,83,2.6,8,Yes
679,RST0680,Restaurant_680,Cafe,Amit,Surat,457164,38,4.2,8,No
680,RST0681,Restaurant_681,Fine Dining,Karan,Surat,452032,80,4.6,3,No
681,RST0682,Restaurant_682,Fine Dining,Karan,Vadodara,414321,36,4.2,14,Yes
682,RST0683,Restaurant_683,Fine Dining,Raj,Rajkot,294990,42,1.9,16,Yes
683,RST0684,Restaurant_684,Restaurant,Neha,Vadodara,222463,35,2.9,17,Yes
684,RST0685,Restaurant_685,Fine Dining,Karan,Rajkot,335311,20,3.8,3,No
685,RST0686,Restaurant_686,Fast Food,Karan,Ahmedabad,221395,43,1.3,19,Yes
686,RST0687,Restaurant_687,Restaurant,Neha,Surat,472352,96,2.0,9,No
687,RST0688,Restaurant_688,Restaurant,Riya,Mumbai,450848,5,2.8,3,No
688,RST0689,Restaurant_689,Fine Dining,Karan,Surat,350330,24,1.5,20,Yes
689,RST0690,Restaurant_690,Restaurant,Riya,Surat,477098,71,2.6,5,Yes
690,RST0691,Restaurant_691,Fast Food,Neha,Ahmedabad,99116,75,4.4,20,Yes
691,RST0692,Restaurant_692,Cafe,Amit,Ahmedabad,327342,91,4.8,19,No
692,RST0693,Restaurant_693,Fine Dining,Karan,Ahmedabad,448869,75,1.5,12,Yes
693,RST0694,Restaurant_694,Cafe,Raj,Surat,126277,30,3.5,11,Yes
694,RST0695,Restaurant_695,Fine Dining,Riya,Vadodara,182971,6,1.2,13,No
695,RST0696,Restaurant_696,Cafe,Riya,Rajkot,465061,38,4.5,3,No
696,RST0697,Restaurant_697,Restaurant,Riya,Surat,55732,30,2.2,8,Yes
697,RST0698,Restaurant_698,Fine Dining,Riya,Mumbai,64273,24,2.0,9,Yes
698,RST0699,Restaurant_699,Fine Dining,Amit,Vadodara,203500,81,2.9,5,Yes
699,RST0700,Restaurant_700,Fine Dining,Riya,Rajkot,412510,50,2.9,1,No
700,RST0701,Restaurant_701,Restaurant,Neha,Mumbai,338816,13,1.7,14,Yes
701,RST0702,Restaurant_702,Cafe,Raj,Mumbai,106266,8,4.6,2,No
702,RST0703,Restaurant_703,Cafe,Karan,Mumbai,353230,28,2.8,2,Yes
703,RST0704,Restaurant_704,Restaurant,Amit,Vadodara,277010,59,4.9,4,Yes
704,RST0705,Restaurant_705,Restaurant,Neha,Rajkot,306124,80,4.5,6,Yes
705,RST0706,Restaurant_706,Cafe,Amit,Ahmedabad,68012,65,1.7,5,No
706,RST0707,Restaurant_707,Restaurant,Riya,Vadodara,225725,84,4.9,18,No
707,RST0708,Restaurant_708,Fine Dining,Riya,Mumbai,120776,70,2.0,3,No
708,RST0709,Restaurant_709,Restaurant,Raj,Mumbai,298889,35,1.7,1,Yes
709,RST0710,Restaurant_710,Cafe,Neha,Ahmedabad,81555,36,2.8,20,Yes
710,RST0711,Restaurant_711,Cafe,Riya,Ahmedabad,223478,27,2.5,20,Yes
711,RST0712,Restaurant_712,Cafe,Amit,Surat,94432,59,3.2,11,Yes
712,RST0713,Restaurant_713,Restaurant,Neha,Vadodara,444496,22,3.9,1,No
713,RST0714,Restaurant_714,Cafe,Raj,Mumbai,448174,60,3.3,19,Yes
714,RST0715,Restaurant_715,Fast Food,Riya,Rajkot,396127,53,1.6,16,No
715,RST0716,Restaurant_716,Cafe,Amit,Surat,247871,40,3.7,6,No
716,RST0717,Restaurant_717,Restaurant,Amit,Mumbai,130649,36,1.5,14,Yes
717,RST0718,Restaurant_718,Cafe,Raj,Rajkot,150232,89,3.4,14,Yes
718,RST0719,Restaurant_719,Fine Dining,Neha,Vadodara,399169,55,4.9,19,No
719,RST0720,Restaurant_720,Fine Dining,Neha,Surat,189072,92,3.1,14,No
720,RST0721,Restaurant_721,Fine Dining,Riya,Vadodara,292800,52,3.9,9,No
721,RST0722,Restaurant_722,Cafe,Neha,Vadodara,179661,92,3.0,19,No
722,RST0723,Restaurant_723,Cafe,Amit,Surat,475609,77,2.5,18,Yes
723,RST0724,Restaurant_724,Fast Food,Karan,Vadodara,361491,14,1.0,7,No
724,RST0725,Restaurant_725,Restaurant,Amit,Ahmedabad,90200,97,1.9,7,Yes
725,RST0726,Restaurant_726,Fast Food,Raj,Vadodara,433573,62,3.6,16,Yes
726,RST0727,Restaurant_727,Cafe,Riya,Mumbai,348786,88,3.6,6,No
727,RST0728,Restaurant_728,Restaurant,Riya,Mumbai,447219,37,1.9,16,Yes
728,RST0729,Restaurant_729,Fast Food,Neha,Ahmedabad,429583,71,2.4,5,Yes
729,RST0730,Restaurant_730,Fast Food,Amit,Rajkot,127238,76,1.6,14,No
730,RST0731,Restaurant_731,Restaurant,Raj,Vadodara,216193,26,3.6,4,No
731,RST0732,Restaurant_732,Fast Food,Raj,Rajkot,159047,30,2.0,1,Yes
732,RST0733,Restaurant_733,Restaurant,Karan,Vadodara,414069,94,2.6,11,Yes
733,RST0734,Restaurant_734,Restaurant,Riya,Rajkot,111966,81,1.9,19,No
734,RST0735,Restaurant_735,Cafe,Amit,Surat,457744,100,1.6,6,Yes
735,RST0736,Restaurant_736,Cafe,Karan,Vadodara,176988,62,2.3,4,No
736,RST0737,Restaurant_737,Cafe,Karan,Ahmedabad,185268,76,3.9,11,Yes
737,RST0738,Restaurant_738,Fast Food,Amit,Ahmedabad,136079,26,4.6,10,No
738,RST0739,Restaurant_739,Restaurant,Riya,Rajkot,165042,24,2.1,4,No
739,RST0740,Restaurant_740,Cafe,Raj,Vadodara,180052,95,2.9,18,Yes
740,RST0741,Restaurant_741,Cafe,Riya,Ahmedabad,106150,29,5.0,5,No
741,RST0742,Restaurant_742,Cafe,Raj,Ahmedabad,425920,31,2.5,15,Yes
742,RST0743,Restaurant_743,Cafe,Neha,Ahmedabad,325189,85,1.0,5,Yes
743,RST0744,Restaurant_744,Restaurant,Raj,Surat,182853,78,2.6,12,No
744,RST0745,Restaurant_745,Fast Food,Karan,Rajkot,356488,31,2.5,12,Yes
745,RST0746,Restaurant_746,Fast Food,Neha,Ahmedabad,355906,48,2.3,11,No
746,RST0747,Restaurant_747,Restaurant,Karan,Vadodara,321853,27,2.5,10,Yes
747,RST0748,Restaurant_748,Cafe,Amit,Rajkot,389386,98,4.3,10,No
748,RST0749,Restaurant_749,Restaurant,Riya,Rajkot,100973,13,2.2,19,Yes
749,RST0750,Restaurant_750,Cafe,Karan,Rajkot,137143,34,4.2,16,No
750,RST0751,Restaurant_751,Fast Food,Amit,Mumbai,173966,85,3.6,19,No
751,RST0752,Restaurant_752,Cafe,Riya,Ahmedabad,174770,74,3.3,17,Yes
752,RST0753,Restaurant_753,Cafe,Riya,Mumbai,244093,24,1.7,2,Yes
753,RST0754,Restaurant_754,Fast Food,Riya,Vadodara,257071,86,2.8,18,No
754,RST0755,Restaurant_755,Restaurant,Neha,Ahmedabad,99349,17,4.8,5,Yes
755,RST0756,Restaurant_756,Restaurant,Raj,Ahmedabad,110216,70,2.8,15,Yes
756,RST0757,Restaurant_757,Cafe,Riya,Rajkot,50259,99,2.7,9,No
757,RST0758,Restaurant_758,Fast Food,Karan,Rajkot,283946,80,4.1,13,No
758,RST0759,Restaurant_759,Fine Dining,Karan,Mumbai,115822,86,1.3,17,No
759,RST0760,Restaurant_760,Fine Dining,Karan,Mumbai,230717,99,4.1,16,No
760,RST0761,Restaurant_761,Fine Dining,Riya,Rajkot,68707,42,4.6,15,Yes
761,RST0762,Restaurant_762,Restaurant,Riya,Ahmedabad,461588,25,4.3,15,Yes
762,RST0763,Restaurant_763,Fine Dining,Neha,Vadodara,67115,30,2.7,1,No
763,RST0764,Restaurant_764,Fast Food,Amit,Rajkot,324069,85,1.6,19,Yes
764,RST0765,Restaurant_765,Restaurant,Riya,Mumbai,458115,92,3.9,5,Yes
765,RST0766,Restaurant_766,Restaurant,Raj,Ahmedabad,408095,92,4.6,10,No
766,RST0767,Restaurant_767,Restaurant,Amit,Vadodara,461271,84,3.3,15,Yes
767,RST0768,Restaurant_768,Fast Food,Raj,Mumbai,206470,10,4.6,16,No
768,RST0769,Restaurant_769,Cafe,Raj,Ahmedabad,425272,60,1.4,18,Yes
769,RST0770,Restaurant_770,Fast Food,Raj,Ahmedabad,138044,82,4.1,12,Yes
770,RST0771,Restaurant_771,Fast Food,Karan,Vadodara,281228,26,3.9,2,Yes
771,RST0772,Restaurant_772,Cafe,Karan,Rajkot,95768,87,1.1,18,No
772,RST0773,Restaurant_773,Cafe,Neha,Mumbai,146288,84,4.2,6,Yes
773,RST0774,Restaurant_774,Fine Dining,Neha,Ahmedabad,341054,66,2.6,9,No
774,RST0775,Restaurant_775,Cafe,Amit,Vadodara,474283,62,1.4,8,Yes
775,RST0776,Restaurant_776,Cafe,Karan,Rajkot,175980,32,3.4,2,Yes
776,RST0777,Restaurant_777,Fast Food,Karan,Mumbai,446563,56,1.9,12,No
777,RST0778,Restaurant_778,Fine Dining,Raj,Vadodara,483242,12,3.6,20,Yes
778,RST0779,Restaurant_779,Restaurant,Karan,Rajkot,433396,96,4.8,5,Yes
779,RST0780,Restaurant_780,Fine Dining,Neha,Mumbai,418221,30,3.9,4,Yes
780,RST0781,Restaurant_781,Fine Dining,Amit,Mumbai,247608,73,3.9,9,No
781,RST0782,Restaurant_782,Restaurant,Riya,Ahmedabad,249886,69,2.1,2,No
782,RST0783,Restaurant_783,Cafe,Karan,Ahmedabad,277362,80,4.1,20,No
783,RST0784,Restaurant_784,Cafe,Amit,Rajkot,185665,41,2.6,13,No
784,RST0785,Restaurant_785,Cafe,Riya,Surat,376792,85,4.5,5,No
785,RST0786,Restaurant_786,Restaurant,Neha,Ahmedabad,272403,93,4.9,4,No
786,RST0787,Restaurant_787,Cafe,Raj,Rajkot,87245,19,2.7,14,Yes
787,RST0788,Restaurant_788,Cafe,Riya,Surat,450973,89,2.4,11,Yes
788,RST0789,Restaurant_789,Fine Dining,Riya,Mumbai,359753,67,1.7,18,Yes
789,RST0790,Restaurant_790,Cafe,Karan,Vadodara,156284,44,2.0,20,Yes
790,RST0791,Restaurant_791,Cafe,Raj,Mumbai,109569,76,3.2,2,Yes
791,RST0792,Restaurant_792,Cafe,Raj,Rajkot,293807,43,3.1,3,No
792,RST0793,Restaurant_793,Cafe,Amit,Vadodara,460481,7,2.0,12,No
793,RST0794,Restaurant_794,Fine Dining,Amit,Rajkot,260456,100,4.4,13,No
794,RST0795,Restaurant_795,Restaurant,Amit,Surat,190194,83,4.9,9,Yes
795,RST0796,Restaurant_796,Restaurant,Riya,Ahmedabad,107091,91,3.0,17,Yes
796,RST0797,Restaurant_797,Cafe,Raj,Ahmedabad,220741,84,2.9,12,Yes
797,RST0798,Restaurant_798,Cafe,Neha,Ahmedabad,441301,19,3.6,6,Yes
798,RST0799,Restaurant_799,Restaurant,Raj,Vadodara,144430,92,1.9,12,Yes
799,RST0800,Restaurant_800,Fast Food,Raj,Ahmedabad,148848,23,4.1,3,Yes
800,RST0801,Restaurant_801,Restaurant,Raj,Surat,142971,81,1.7,9,No
801,RST0802,Restaurant_802,Fast Food,Amit,Vadodara,264273,28,1.4,1,No
802,RST0803,Restaurant_803,Cafe,Raj,Mumbai,464028,27,2.1,5,Yes
803,RST0804,Restaurant_804,Restaurant,Neha,Vadodara,451883,75,4.9,1,No
804,RST0805,Restaurant_805,Fine Dining,Amit,Surat,359666,47,2.0,8,No
805,RST0806,Restaurant_806,Fast Food,Raj,Rajkot,53007,60,2.8,12,No
806,RST0807,Restaurant_807,Cafe,Amit,Ahmedabad,438144,85,1.5,13,No
807,RST0808,Restaurant_808,Fine Dining,Amit,Vadodara,291448,77,3.8,20,No
808,RST0809,Restaurant_809,Restaurant,Karan,Surat,202968,55,3.1,14,No
809,RST0810,Restaurant_810,Fast Food,Amit,Vadodara,488153,14,3.2,4,Yes
810,RST0811,Restaurant_811,Fast Food,Karan,Rajkot,389710,74,3.9,13,Yes
811,RST0812,Restaurant_812,Restaurant,Karan,Mumbai,98836,71,2.3,11,Yes
812,RST0813,Restaurant_813,Cafe,Neha,Surat,155670,40,1.1,14,No
813,RST0814,Restaurant_814,Fast Food,Karan,Rajkot,66047,66,2.6,19,Yes
814,RST0815,Restaurant_815,Restaurant,Raj,Mumbai,371415,85,4.3,16,Yes
815,RST0816,Restaurant_816,Fast Food,Neha,Rajkot,255939,81,4.9,4,No
816,RST0817,Restaurant_817,Cafe,Neha,Mumbai,396300,6,2.6,10,No
817,RST0818,Restaurant_818,Fast Food,Riya,Vadodara,471852,93,1.2,10,No
818,RST0819,Restaurant_819,Cafe,Neha,Vadodara,314076,24,3.4,9,No
819,RST0820,Restaurant_820,Cafe,Karan,Ahmedabad,479550,80,4.8,18,Yes
820,RST0821,Restaurant_821,Cafe,Raj,Vadodara,335571,87,4.7,8,Yes
821,RST0822,Restaurant_822,Restaurant,Karan,Mumbai,285775,19,1.4,7,No
822,RST0823,Restaurant_823,Fine Dining,Riya,Surat,246570,63,4.2,5,Yes
823,RST0824,Restaurant_824,Fine Dining,Neha,Ahmedabad,358874,42,3.6,15,No
824,RST0825,Restaurant_825,Fast Food,Riya,Rajkot,435121,20,2.0,4,Yes
825,RST0826,Restaurant_826,Restaurant,Riya,Vadodara,476375,63,3.6,1,No
826,RST0827,Restaurant_827,Fast Food,Karan,Ahmedabad,227234,8,4.6,19,Yes
827,RST0828,Restaurant_828,Fine Dining,Karan,Mumbai,257143,5,2.4,14,Yes
828,RST0829,Restaurant_829,Restaurant,Neha,Vadodara,314437,84,4.9,17,Yes
829,RST0830,Restaurant_830,Fast Food,Neha,Rajkot,258082,42,3.3,3,No
830,RST0831,Restaurant_831,Fast Food,Riya,Surat,379741,21,3.5,11,Yes
831,RST0832,Restaurant_832,Restaurant,Karan,Surat,460705,59,3.6,6,Yes
832,RST0833,Restaurant_833,Fast Food,Amit,Ahmedabad,399170,20,2.5,12,Yes
833,RST0834,Restaurant_834,Restaurant,Raj,Ahmedabad,251749,40,3.3,14,Yes
834,RST0835,Restaurant_835,Restaurant,Karan,Mumbai,115116,7,4.8,19,No
835,RST0836,Restaurant_836,Fast Food,Karan,Surat,303574,6,4.2,19,Yes
836,RST0837,Restaurant_837,Cafe,Karan,Vadodara,386169,88,2.6,17,Yes
837,RST0838,Restaurant_838,Fast Food,Raj,Ahmedabad,486433,27,1.4,1,Yes
838,RST0839,Restaurant_839,Restaurant,Karan,Surat,187329,38,4.7,12,Yes
839,RST0840,Restaurant_840,Restaurant,Karan,Rajkot,362680,56,4.4,5,Yes
840,RST0841,Restaurant_841,Fine Dining,Karan,Vadodara,355973,13,1.2,18,No
841,RST0842,Restaurant_842,Cafe,Riya,Mumbai,118731,44,2.1,6,Yes
842,RST0843,Restaurant_843,Fast Food,Neha,Mumbai,153322,65,4.9,16,No
843,RST0844,Restaurant_844,Cafe,Raj,Vadodara,211697,61,5.0,11,No
844,RST0845,Restaurant_845,Fast Food,Neha,Rajkot,218900,33,4.5,13,No
845,RST0846,Restaurant_846,Cafe,Karan,Ahmedabad,288872,44,4.9,9,Yes
846,RST0847,Restaurant_847,Fast Food,Karan,Vadodara,442159,66,1.6,2,No
847,RST0848,Restaurant_848,Fine Dining,Karan,Vadodara,208261,86,1.9,8,No
848,RST0849,Restaurant_849,Cafe,Karan,Ahmedabad,475334,99,1.0,19,Yes
849,RST0850,Restaurant_850,Fine Dining,Riya,Mumbai,439043,74,2.5,16,No
850,RST0851,Restaurant_851,Fast Food,Riya,Surat,355384,54,2.0,19,No
851,RST0852,Restaurant_852,Fine Dining,Neha,Mumbai,313910,14,4.1,15,Yes
852,RST0853,Restaurant_853,Fine Dining,Raj,Vadodara,207024,47,4.3,1,Yes
853,RST0854,Restaurant_854,Fast Food,Karan,Mumbai,136804,86,4.0,2,No
854,RST0855,Restaurant_855,Cafe,Amit,Rajkot,189707,96,1.6,3,No
855,RST0856,Restaurant_856,Restaurant,Amit,Vadodara,56284,96,5.0,19,Yes
856,RST0857,Restaurant_857,Restaurant,Karan,Vadodara,352488,66,1.2,5,No
857,RST0858,Restaurant_858,Restaurant,Raj,Ahmedabad,58098,78,2.8,12,Yes
858,RST0859,Restaurant_859,Restaurant,Neha,Rajkot,346836,68,4.2,18,No
859,RST0860,Restaurant_860,Fast Food,Amit,Ahmedabad,454528,97,4.8,11,No
860,RST0861,Restaurant_861,Restaurant,Amit,Mumbai,444206,13,4.7,17,Yes
861,RST0862,Restaurant_862,Fine Dining,Riya,Surat,465853,52,4.0,17,No
862,RST0863,Restaurant_863,Restaurant,Riya,Mumbai,62097,90,2.2,14,Yes
863,RST0864,Restaurant_864,Fast Food,Karan,Mumbai,353853,37,2.5,3,No
864,RST0865,Restaurant_865,Cafe,Neha,Mumbai,445083,5,2.3,6,No
865,RST0866,Restaurant_866,Fast Food,Riya,Ahmedabad,437322,44,2.0,15,Yes
866,RST0867,Restaurant_867,Fine Dining,Neha,Vadodara,322791,60,2.1,13,Yes
867,RST0868,Restaurant_868,Restaurant,Amit,Surat,120302,61,3.8,19,No
868,RST0869,Restaurant_869,Fine Dining,Amit,Mumbai,288341,41,1.1,18,No
869,RST0870,Restaurant_870,Fine Dining,Riya,Rajkot,105434,83,3.3,18,No
870,RST0871,Restaurant_871,Cafe,Neha,Vadodara,319205,43,2.4,9,No
871,RST0872,Restaurant_872,Cafe,Neha,Ahmedabad,112396,56,4.1,17,No
872,RST0873,Restaurant_873,Cafe,Riya,Rajkot,108252,71,4.3,17,No
873,RST0874,Restaurant_874,Restaurant,Riya,Vadodara,267216,16,4.4,3,Yes
874,RST0875,Restaurant_875,Restaurant,Neha,Ahmedabad,297244,54,2.6,16,No
875,RST0876,Restaurant_876,Fine Dining,Raj,Ahmedabad,87398,93,3.9,9,No
876,RST0877,Restaurant_877,Restaurant,Riya,Mumbai,84501,99,3.2,2,Yes
877,RST0878,Restaurant_878,Fast Food,Amit,Surat,332734,89,3.1,5,No
878,RST0879,Restaurant_879,Fine Dining,Neha,Rajkot,95427,97,4.8,6,No
879,RST0880,Restaurant_880,Restaurant,Karan,Vadodara,60549,14,2.3,10,Yes
880,RST0881,Restaurant_881,Cafe,Raj,Vadodara,74629,59,3.1,5,No
881,RST0882,Restaurant_882,Cafe,Karan,Surat,249368,35,2.8,7,No
882,RST0883,Restaurant_883,Cafe,Amit,Mumbai,367581,36,1.2,18,Yes
883,RST0884,Restaurant_884,Fast Food,Karan,Rajkot,296322,48,3.7,4,Yes
884,RST0885,Restaurant_885,Cafe,Karan,Ahmedabad,193803,59,2.5,4,No
885,RST0886,Restaurant_886,Cafe,Neha,Mumbai,375079,55,2.7,10,Yes
886,RST0887,Restaurant_887,Fast Food,Amit,Surat,305324,24,4.5,14,No
887,RST0888,Restaurant_888,Fine Dining,Karan,Ahmedabad,333449,89,1.3,17,Yes
888,RST0889,Restaurant_889,Fast Food,Neha,Rajkot,158034,44,3.6,19,No
889,RST0890,Restaurant_890,Restaurant,Amit,Ahmedabad,325997,44,1.4,20,No
890,RST0891,Restaurant_891,Fast Food,Amit,Vadodara,435332,66,4.1,11,Yes
891,RST0892,Restaurant_892,Cafe,Raj,Mumbai,58255,51,3.2,13,Yes
892,RST0893,Restaurant_893,Cafe,Riya,Mumbai,239580,60,4.3,9,Yes
893,RST0894,Restaurant_894,Fast Food,Amit,Ahmedabad,313129,59,4.3,1,No
894,RST0895,Restaurant_895,Cafe,Karan,Rajkot,390394,7,1.6,5,No
895,RST0896,Restaurant_896,Restaurant,Raj,Mumbai,140090,70,1.5,8,No
896,RST0897,Restaurant_897,Fine Dining,Riya,Ahmedabad,173139,99,2.0,6,No
897,RST0898,Restaurant_898,Fast Food,Raj,Mumbai,432157,22,1.8,11,Yes
898,RST0899,Restaurant_899,Fast Food,Raj,Mumbai,105801,54,3.3,12,Yes
899,RST0900,Restaurant_900,Fast Food,Raj,Surat,271423,96,2.0,15,No
900,RST0901,Restaurant_901,Fine Dining,Karan,Ahmedabad,354768,40,2.1,6,No
901,RST0902,Restaurant_902,Fine Dining,Amit,Rajkot,108919,56,2.8,5,Yes
902,RST0903,Restaurant_903,Fast Food,Neha,Ahmedabad,359130,37,1.5,3,No
903,RST0904,Restaurant_904,Restaurant,Karan,Mumbai,305856,9,4.8,18,No
904,RST0905,Restaurant_905,Fast Food,Karan,Vadodara,192970,33,3.7,18,No
905,RST0906,Restaurant_906,Restaurant,Riya,Surat,226634,93,3.0,4,Yes
906,RST0907,Restaurant_907,Restaurant,Neha,Rajkot,499749,70,2.9,6,No
907,RST0908,Restaurant_908,Fast Food,Riya,Surat,160895,39,1.4,19,Yes
908,RST0909,Restaurant_909,Fine Dining,Karan,Ahmedabad,387642,48,3.9,6,Yes
909,RST0910,Restaurant_910,Fast Food,Amit,Rajkot,399130,91,4.8,12,Yes
910,RST0911,Restaurant_911,Fine Dining,Raj,Ahmedabad,443125,40,4.6,13,No
911,RST0912,Restaurant_912,Cafe,Raj,Ahmedabad,377368,77,2.0,12,Yes
912,RST0913,Restaurant_913,Restaurant,Raj,Surat,469758,50,1.1,17,No
913,RST0914,Restaurant_914,Cafe,Raj,Mumbai,476945,20,3.0,18,Yes
914,RST0915,Restaurant_915,Restaurant,Riya,Ahmedabad,236688,79,4.6,18,No
915,RST0916,Restaurant_916,Fast Food,Riya,Vadodara,431340,92,2.4,17,Yes
916,RST0917,Restaurant_917,Cafe,Amit,Vadodara,168331,29,4.0,5,No
917,RST0918,Restaurant_918,Fast Food,Karan,Mumbai,127013,48,2.7,14,No
918,RST0919,Restaurant_919,Restaurant,Karan,Rajkot,87920,36,2.5,17,Yes
919,RST0920,Restaurant_920,Fine Dining,Riya,Vadodara,125159,51,2.4,12,No
920,RST0921,Restaurant_921,Restaurant,Riya,Surat,64843,72,2.8,11,No
921,RST0922,Restaurant_922,Restaurant,Karan,Rajkot,180785,48,1.4,5,No
922,RST0923,Restaurant_923,Fast Food,Karan,Mumbai,211654,32,1.8,16,No
923,RST0924,Restaurant_924,Cafe,Neha,Ahmedabad,420188,56,4.7,18,No
924,RST0925,Restaurant_925,Fine Dining,Karan,Vadodara,328147,42,1.8,18,No
925,RST0926,Restaurant_926,Fine Dining,Raj,Surat,66994,76,2.1,20,No
926,RST0927,Restaurant_927,Cafe,Amit,Ahmedabad,371839,17,3.2,4,Yes
927,RST0928,Restaurant_928,Fast Food,Amit,Mumbai,427454,34,3.6,12,Yes
928,RST0929,Restaurant_929,Restaurant,Karan,Mumbai,429289,6,1.3,14,Yes
929,RST0930,Restaurant_930,Cafe,Riya,Rajkot,496699,16,3.5,9,Yes
930,RST0931,Restaurant_931,Cafe,Amit,Mumbai,358409,96,4.9,2,Yes
931,RST0932,Restaurant_932,Restaurant,Raj,Surat,220877,39,2.6,12,No
932,RST0933,Restaurant_933,Fast Food,Raj,Rajkot,242556,17,2.4,7,Yes
933,RST0934,Restaurant_934,Fast Food,Neha,Ahmedabad,371894,45,2.6,4,No
934,RST0935,Restaurant_935,Fast Food,Raj,Surat,322460,92,3.0,6,No
935,RST0936,Restaurant_936,Restaurant,Riya,Surat,310159,66,4.9,1,Yes
936,RST0937,Restaurant_937,Fast Food,Raj,Rajkot,269264,55,1.3,3,Yes
937,RST0938,Restaurant_938,Cafe,Neha,Mumbai,384512,67,1.5,8,Yes
938,RST0939,Restaurant_939,Fast Food,Riya,Vadodara,213935,94,2.0,5,No
939,RST0940,Restaurant_940,Fine Dining,Raj,Mumbai,353802,20,2.7,12,Yes
940,RST0941,Restaurant_941,Fine Dining,Raj,Rajkot,260701,53,3.2,12,No
941,RST0942,Restaurant_942,Restaurant,Karan,Surat,111656,60,4.6,6,Yes
942,RST0943,Restaurant_943,Fine Dining,Riya,Rajkot,319270,75,1.7,12,No
943,RST0944,Restaurant_944,Restaurant,Neha,Vadodara,328479,35,4.6,14,No
944,RST0945,Restaurant_945,Restaurant,Karan,Surat,499128,88,1.3,1,Yes
945,RST0946,Restaurant_946,Restaurant,Neha,Vadodara,322541,83,3.5,14,No
946,RST0947,Restaurant_947,Cafe,Amit,Mumbai,154323,97,4.3,3,No
947,RST0948,Restaurant_948,Fine Dining,Raj,Rajkot,481091,88,2.9,19,Yes
948,RST0949,Restaurant_949,Fine Dining,Raj,Ahmedabad,216749,89,2.9,9,Yes
949,RST0950,Restaurant_950,Cafe,Neha,Rajkot,332143,99,2.1,7,No
950,RST0951,Restaurant_951,Cafe,Raj,Vadodara,407289,84,3.1,7,No
951,RST0952,Restaurant_952,Fine Dining,Riya,Surat,265901,30,1.7,11,No
952,RST0953,Restaurant_953,Fine Dining,Amit,Mumbai,360896,72,1.7,10,No
953,RST0954,Restaurant_954,Fine Dining,Amit,Ahmedabad,472198,80,1.2,16,Yes
954,RST0955,Restaurant_955,Fast Food,Riya,Surat,324389,12,2.4,15,No
955,RST0956,Restaurant_956,Fine Dining,Raj,Mumbai,279112,89,1.7,11,No
956,RST0957,Restaurant_957,Restaurant,Neha,Vadodara,69999,22,2.0,12,No
957,RST0958,Restaurant_958,Fast Food,Neha,Mumbai,215887,13,3.3,6,Yes
958,RST0959,Restaurant_959,Fast Food,Raj,Rajkot,169509,31,3.3,7,Yes
959,RST0960,Restaurant_960,Restaurant,Neha,Mumbai,119038,23,2.9,11,Yes
960,RST0961,Restaurant_961,Restaurant,Raj,Surat,254717,29,1.1,12,Yes
961,RST0962,Restaurant_962,Cafe,Neha,Vadodara,336013,27,3.3,4,No
962,RST0963,Restaurant_963,Fast Food,Amit,Rajkot,420889,96,3.1,15,Yes
963,RST0964,Restaurant_964,Fine Dining,Amit,Mumbai,63435,35,2.9,17,No
964,RST0965,Restaurant_965,Fast Food,Riya,Rajkot,334190,80,4.5,15,Yes
965,RST0966,Restaurant_966,Fine Dining,Karan,Rajkot,246119,94,3.1,16,Yes
966,RST0967,Restaurant_967,Fast Food,Karan,Surat,452087,27,1.3,11,Yes
967,RST0968,Restaurant_968,Fine Dining,Raj,Ahmedabad,126455,7,1.2,13,Yes
968,RST0969,Restaurant_969,Fine Dining,Neha,Ahmedabad,498655,46,4.6,9,No
969,RST0970,Restaurant_970,Restaurant,Raj,Surat,460108,60,1.0,3,Yes
970,RST0971,Restaurant_971,Restaurant,Raj,Vadodara,266056,55,3.5,16,No
971,RST0972,Restaurant_972,Cafe,Riya,Mumbai,131537,43,4.7,11,Yes
972,RST0973,Restaurant_973,Fast Food,Amit,Ahmedabad,282948,89,1.8,3,Yes
973,RST0974,Restaurant_974,Fast Food,Karan,Rajkot,174082,66,1.3,5,No
974,RST0975,Restaurant_975,Fast Food,Karan,Mumbai,71550,91,5.0,17,No
975,RST0976,Restaurant_976,Fine Dining,Amit,Vadodara,182429,11,4.0,20,Yes
976,RST0977,Restaurant_977,Fine Dining,Neha,Mumbai,255776,54,2.2,12,Yes
977,RST0978,Restaurant_978,Fast Food,Raj,Mumbai,68858,84,2.6,17,No
978,RST0979,Restaurant_979,Fine Dining,Riya,Vadodara,227296,31,3.9,13,No
979,RST0980,Restaurant_980,Cafe,Neha,Rajkot,485556,72,2.2,20,Yes
980,RST0981,Restaurant_981,Fast Food,Karan,Rajkot,207841,79,4.8,2,No
981,RST0982,Restaurant_982,Cafe,Riya,Ahmedabad,348665,83,1.2,1,Yes
982,RST0983,Restaurant_983,Fast Food,Amit,Rajkot,128580,11,2.4,5,No
983,RST0984,Restaurant_984,Restaurant,Karan,Rajkot,209051,77,3.7,13,Yes
984,RST0985,Restaurant_985,Fine Dining,Raj,Vadodara,270160,70,1.4,13,No
985,RST0986,Restaurant_986,Fast Food,Amit,Mumbai,269213,45,2.1,16,No
986,RST0987,Restaurant_987,Fast Food,Raj,Rajkot,491589,75,4.7,12,No
987,RST0988,Restaurant_988,Restaurant,Karan,Mumbai,355414,32,3.7,20,Yes
988,RST0989,Restaurant_989,Restaurant,Neha,Rajkot,130062,53,3.4,11,Yes
989,RST0990,Restaurant_990,Fine Dining,Raj,Mumbai,480094,91,2.8,13,No
990,RST0991,Restaurant_991,Cafe,Raj,Rajkot,55365,67,2.4,17,No
991,RST0992,Restaurant_992,Fast Food,Amit,Rajkot,150716,30,1.3,11,Yes
992,RST0993,Restaurant_993,Restaurant,Raj,Mumbai,359455,6,2.4,5,Yes
993,RST0994,Restaurant_994,Restaurant,Neha,Mumbai,300577,54,2.7,15,Yes
994,RST0995,Restaurant_995,Fast Food,Karan,Vadodara,287062,58,4.2,8,Yes
995,RST0996,Restaurant_996,Fast Food,Amit,Surat,73772,60,3.7,20,No
996,RST0997,Restaurant_997,Cafe,Karan,Vadodara,60181,15,2.3,13,No
997,RST0998,Restaurant_998,Fast Food,Raj,Vadodara,436031,70,3.9,15,Yes
998,RST0999,Restaurant_999,Cafe,Karan,Ahmedabad,301360,39,2.1,11,No
999,RST1000,Restaurant_1000,Cafe,Amit,Ahmedabad,257102,67,2.3,4,No
